 ,tanggal,pukul,temperatur_udara,kelembaban_udara,kelembaban_tanah,hasil,,
0,1970-01-01 08:00:00,08:00:05,29.6,64.5,1004,0,,1
1,1970-01-01 08:00:00,08:00:28,32.5,52.9,885,0,,0
2,1970-01-01 08:05:00,08:05:41,31,55.5,885,0,,
3,1970-01-01 08:10:00,08:10:18,32,52.5,884,0,,
4,1970-01-01 08:00:00,08:00:28,32.4,53.7,883,0,,
5,2023-08-17 11:19:00,11:19:58,31.1,47.4,865,0,,
6,2023-08-17 11:20:00,11:20:34,31.1,47.2,865,0,,
7,2023-08-17 11:21:00,11:21:37,31.1,48.4,865,0,,
8,2023-08-17 11:23:00,11:23:57,31.3,46.3,866,0,,
9,2023-08-17 11:24:00,11:24:56,31.3,45.9,865,0,,
10,2023-08-17 11:25:00,11:25:59,31.4,46.1,865,0,,
11,2023-08-17 11:26:00,11:26:55,31.4,46,865,0,,
12,2023-08-17 11:27:00,11:27:59,31.4,46.9,865,0,,
13,2023-08-17 11:28:00,11:28:56,31.5,46.5,865,0,,
14,2023-08-17 11:29:00,11:29:56,31.5,46.2,865,0,,
15,2023-08-17 11:30:00,11:30:50,31.6,45.8,865,0,,
16,2023-08-17 11:31:00,11:31:59,31.6,45.4,865,0,,
17,2023-08-17 11:32:00,11:32:58,31.7,46.5,865,0,,
18,2023-08-17 11:33:00,11:33:54,31.7,45.5,865,0,,
19,2023-08-17 11:34:00,11:34:45,31.7,45.7,865,0,,
20,2023-08-17 11:35:00,11:35:57,31.8,46.1,865,0,,
21,2023-08-17 11:36:00,11:36:56,31.8,46.2,865,0,,
22,2023-08-17 11:37:00,11:37:57,31.8,45.3,865,0,,
23,2023-08-17 11:38:00,11:38:55,31.8,45.5,865,0,,
24,2023-08-17 11:39:00,11:39:57,31.9,46.1,865,0,,
25,2023-08-17 11:40:00,11:40:54,31.9,46.1,865,0,,
26,2023-08-17 11:41:00,11:41:55,32,46.3,865,0,,
27,2023-08-17 11:42:00,11:42:59,32,44.6,865,0,,
28,2023-08-17 11:43:00,11:43:57,32,45,865,0,,
29,2023-08-17 11:44:00,11:44:10,32,44.7,865,0,,
30,2023-08-17 11:47:00,11:47:05,32.4,44.5,865,0,,
31,2023-08-17 17:27:00,17:27:04,27.8,61.2,540,1,,
32,2023-08-17 17:42:00,17:42:10,27.2,62.8,543,1,,
33,2023-08-17 17:57:00,17:57:16,26.6,63.6,544,1,,
34,2023-08-17 18:12:00,18:12:23,26.1,64,559,1,,
35,2023-08-17 18:27:00,18:27:29,26,65.9,567,1,,
36,2023-08-17 18:42:00,18:42:46,25.8,65.7,562,1,,
37,2023-08-17 18:57:00,18:57:43,25.8,65.4,570,1,,
38,2023-08-17 19:12:00,19:12:50,25.9,64.7,572,1,,
39,2023-08-17 19:27:00,19:27:57,26,63.6,573,0,,
40,2023-08-17 19:43:00,19:43:09,25.9,63.8,573,1,,
41,2023-08-17 19:58:00,19:58:25,25.8,63.7,574,1,,
42,2023-08-17 20:13:00,20:13:44,25.7,63.7,577,1,,
43,2023-08-17 20:28:00,20:28:52,25.7,64.8,580,1,,
44,2023-08-17 20:44:00,20:44:01,25.1,71,512,1,,
45,2023-08-17 20:59:00,20:59:07,24.5,75.7,510,1,,
46,2023-08-17 21:14:00,21:14:14,24,74.3,538,1,,
47,2023-08-17 21:29:00,21:29:21,23.8,76.2,540,1,,
48,2023-08-17 21:44:00,21:44:28,23.8,76.9,534,1,,
49,2023-08-17 21:59:00,21:59:47,24,77.7,534,1,,
50,2023-08-17 22:14:00,22:14:43,23.6,75.8,538,1,,
51,2023-08-17 22:29:00,22:29:49,23.4,77.7,542,1,,
52,2023-08-17 22:44:00,22:44:59,23.4,72.8,540,1,,
53,2023-08-17 23:00:00,23:00:05,23.4,71.9,547,1,,
54,2023-08-17 23:15:00,23:15:11,23.5,72.1,544,1,,
55,2023-08-17 23:30:00,23:30:18,23.6,75.2,547,1,,
56,2023-08-17 23:45:00,23:45:26,23.5,75.1,544,1,,
57,2023-08-18 00:00:00,00:00:43,23.4,73.6,548,1,,
58,2023-08-18 00:15:00,00:15:41,23.1,74.7,548,1,,
59,2023-08-18 00:30:00,00:30:48,22.7,75.9,557,1,,
60,2023-08-18 00:45:00,00:45:54,22.4,78.5,565,1,,
61,2023-08-18 01:01:00,01:01:00,22.6,81.5,566,1,,
62,2023-08-18 01:16:00,01:16:06,22.3,79.7,564,1,,
63,2023-08-18 01:41:00,01:41:19,21.9,82.7,561,1,,
64,2023-08-18 01:46:00,01:46:42,21.5,82.3,561,1,,
65,2023-08-18 02:01:00,02:01:41,21.2,84.2,559,1,,
66,2023-08-18 02:16:00,02:16:47,20.8,84.2,564,1,,
67,2023-08-18 02:41:00,02:41:55,20.7,85,560,1,,
68,2023-08-18 02:47:00,02:47:04,20.4,85.7,561,0,,
69,2023-08-18 03:02:00,03:02:15,20.3,86.4,565,0,,
71,2023-08-18 03:42:00,03:42:41,19.9,86.6,562,0,,
72,2023-08-18 03:47:00,03:47:47,19.8,88,565,0,,
73,2023-08-18 04:02:00,04:02:55,19.7,88.1,566,0,,
74,2023-08-18 04:18:00,04:18:02,19.7,87.7,568,0,,
75,2023-08-18 04:43:00,04:43:10,19.7,87.7,564,0,,
76,2023-08-18 04:48:00,04:48:18,19.5,87.6,567,0,,
77,2023-08-18 05:03:00,05:03:25,19.3,88.1,566,0,,
78,2023-08-18 05:18:00,05:18:43,19.4,88.2,569,0,,
79,2023-08-18 05:43:00,05:43:42,19.5,88,567,0,,
80,2023-08-18 05:48:00,05:48:50,19.3,88.5,568,0,,
81,2023-08-18 06:04:00,06:04:00,19.2,88.6,570,0,,
82,2023-08-18 06:19:00,06:19:07,19.3,88.9,572,0,,
83,2023-08-18 06:44:00,06:44:15,19.9,87.6,570,0,,
84,2023-08-18 06:49:00,06:49:23,21.1,84.4,569,0,,
85,2023-08-18 07:04:00,07:04:42,21.6,82,568,0,,
86,2023-08-18 07:19:00,07:19:49,22.4,80.9,570,0,,
87,2023-08-18 07:44:00,07:44:48,24.7,74,566,0,,
88,2023-08-18 07:49:00,07:49:56,27.5,66.7,560,1,,
89,2023-08-18 08:05:00,08:05:03,31,56.7,558,1,,
90,2023-08-18 08:20:00,08:20:14,31.5,52.6,559,1,,
91,2023-08-18 08:45:00,08:45:22,34.2,46,555,1,,
92,2023-08-18 08:50:00,08:50:43,35.9,41.5,555,2,,
93,2023-08-18 09:05:00,09:05:41,35.4,46.5,552,2,,
94,2023-08-18 09:20:00,09:20:52,33.9,47.1,550,2,,
95,2023-08-18 09:45:00,09:45:58,35.4,46.2,547,2,,
96,2023-08-18 09:51:00,09:51:05,35.5,42.6,553,2,,
97,2023-08-18 10:06:00,10:06:13,33.8,50.3,550,2,,
98,2023-08-18 10:21:00,10:21:21,34.1,47.5,552,2,,
99,2023-08-18 10:46:00,10:46:30,35.4,44.3,546,2,,
100,2023-08-18 10:51:00,10:51:46,36.9,43.7,542,2,,
101,2023-08-18 11:06:00,11:06:46,36.7,41.3,545,2,,
102,2023-08-18 11:21:00,11:21:56,37.5,39.8,548,2,,
103,2023-08-18 11:47:00,11:47:04,35.3,46.5,550,2,,
104,2023-08-18 11:52:00,11:52:13,33.2,51.6,553,2,,
105,2023-08-18 12:07:00,12:07:19,33.5,50.9,555,2,,
106,2023-08-18 12:22:00,12:22:27,31.8,53.8,558,2,,
107,2023-08-18 12:47:00,12:47:46,30.2,58.7,562,2,,
108,2023-08-18 12:52:00,12:52:47,32,54.1,560,2,,
109,2023-08-18 13:07:00,13:07:58,33.9,52.2,562,2,,
110,2023-08-18 13:23:00,13:23:06,33.8,54,561,2,,
111,2023-08-18 13:48:00,13:48:12,32.8,55.4,568,2,,
112,2023-08-18 13:53:00,13:53:21,32.4,52.8,552,2,,
113,2023-08-18 14:08:00,14:08:27,31.5,53.6,556,2,,
114,2023-08-18 14:23:00,14:23:43,31.6,57.2,558,2,,
115,2023-08-18 14:48:00,14:48:42,33,52.6,556,2,,
116,2023-08-18 14:53:00,14:53:48,32,51.1,557,2,,
117,2023-08-18 15:08:00,15:08:56,32.1,49.3,561,2,,
118,2023-08-18 15:24:00,15:24:03,31,56.2,560,2,,
119,2023-08-18 15:49:00,15:49:11,29.6,56,565,2,,
120,2023-08-18 15:54:00,15:54:20,29,57.7,570,2,,
121,2023-08-18 16:09:00,16:09:26,28.4,57,570,1,,
122,2023-08-18 16:24:00,16:24:44,28.3,58.7,571,1,,
123,2023-08-18 16:49:00,16:49:40,27.9,58.4,581,1,,
124,2023-08-18 16:54:00,16:54:51,28.3,58.1,573,1,,
125,2023-08-18 17:09:00,17:09:59,28.3,55.7,593,1,,
126,2023-08-18 17:25:00,17:25:10,27.5,55.5,577,1,,
127,2023-08-18 17:40:00,17:40:21,26.6,57.6,578,1,,
128,2023-08-18 17:55:00,17:55:27,26.6,58.7,581,1,,
129,2023-08-18 18:10:00,18:10:43,26,59,580,1,,
130,2023-08-18 18:25:00,18:25:42,26,58.7,580,1,,
131,2023-08-18 18:40:00,18:40:53,26.1,58.9,584,1,,
132,2023-08-18 18:55:00,18:55:59,25.8,60.1,596,1,,
133,2023-08-18 19:11:00,19:11:11,25.8,60,584,1,,
134,2023-08-18 19:26:00,19:26:19,25.5,62.6,584,1,,
135,2023-08-18 19:41:00,19:41:28,25.3,62.7,585,1,,
136,2023-08-18 19:56:00,19:56:47,25.2,63.5,586,1,,
137,2023-08-18 20:11:00,20:11:44,24.7,66,585,1,,
138,2023-08-18 20:27:00,20:27:48,24.5,70.8,583,1,,
139,2023-08-18 20:42:00,20:42:45,24,70.1,583,2,,
140,2023-08-18 20:57:00,20:57:55,24.2,69.1,581,2,,
141,2023-08-18 21:13:00,21:13:06,24.1,70.1,582,2,,
142,2023-08-18 21:28:00,21:28:22,23.6,73.6,590,2,,
143,2023-08-18 21:43:00,21:43:29,23.6,73.5,582,2,,
144,2023-08-18 21:58:00,21:58:46,23.4,74,589,2,,
145,2023-08-18 22:13:00,22:13:50,23,74.6,586,2,,
146,2023-08-18 22:28:00,22:28:57,22.7,75.7,592,2,,
147,2023-08-18 22:44:00,22:44:03,22.4,76.6,583,2,,
148,2023-08-18 22:59:00,22:59:09,22.1,77.5,585,2,,
149,2023-08-18 23:14:00,23:14:16,21.5,80.2,984,0,,
150,2023-08-18 23:29:00,23:29:30,21.5,81.2,948,0,,
151,2023-08-18 23:44:00,23:44:47,21.4,81.1,937,0,,
152,2023-08-18 23:59:00,23:59:43,21.4,81.5,926,0,,
153,2023-08-19 00:14:00,00:14:51,21.5,81.5,919,0,,
154,2023-08-19 00:30:00,00:30:05,21.5,82.2,917,0,,
155,2023-08-19 00:45:00,00:45:13,21.1,82.9,917,0,,
156,2023-08-19 01:00:00,01:00:20,20.6,84.7,916,0,,
157,2023-08-19 01:15:00,01:15:28,20.4,85.3,916,0,,
158,2023-08-19 01:30:00,01:30:45,20.3,86.2,916,0,,
159,2023-08-19 01:45:00,01:45:46,20,86.9,916,0,,
160,2023-08-19 02:00:00,02:00:54,20,86,918,0,,
161,2023-08-19 02:16:00,02:16:00,19.8,87.3,918,0,,
162,2023-08-19 02:41:00,02:41:07,19.6,88.6,916,0,,
163,2023-08-19 02:46:00,02:46:15,19.7,87.9,917,0,,
164,2023-08-19 03:01:00,03:01:27,19.6,87.8,916,0,,
165,2023-08-19 03:16:00,03:16:45,19.3,88.7,919,0,,
166,2023-08-19 03:41:00,03:41:42,19.1,88.5,917,0,,
167,2023-08-19 03:46:00,03:46:48,19.2,88.3,915,0,,
168,2023-08-19 04:01:00,04:01:56,19.1,88.3,915,0,,
169,2023-08-19 04:17:00,04:17:05,19,88.5,915,0,,
170,2023-08-19 04:42:00,04:42:11,18.8,88.4,916,0,,
171,2023-08-19 04:47:00,04:47:20,18.7,88.7,915,0,,
172,2023-08-19 05:02:00,05:02:26,18.7,88.9,905,0,,
173,2023-08-19 05:49:00,05:49:45,19,91.4,908,0,,
174,2023-08-19 05:54:00,05:54:52,18.7,90.6,918,0,,
175,2023-08-19 06:09:00,06:09:58,18.5,91.8,918,0,,
176,2023-08-19 06:25:00,06:25:06,18.6,92,920,0,,
177,2023-08-19 06:40:00,06:40:12,19,90.2,921,0,,
178,2023-08-19 06:55:00,06:55:21,20.1,89.1,921,0,,
179,2023-08-19 07:10:00,07:10:27,21.1,83.7,919,0,,
180,2023-08-19 07:25:00,07:25:46,22.7,80.2,917,0,,
181,2023-08-19 07:40:00,07:40:44,28,64.6,913,0,,
182,2023-08-19 07:55:00,07:55:54,30.5,56,906,0,,
183,2023-08-19 08:11:00,08:11:02,31.8,51.2,907,0,,
184,2023-08-19 08:26:00,08:26:11,32.5,51.3,903,0,,
185,2023-08-19 08:41:00,08:41:19,33,46.8,902,0,,
186,2023-08-19 08:56:00,08:56:26,33.9,47,901,0,,
187,2023-08-19 09:11:00,09:11:42,36.3,42.8,521,2,,
188,2023-08-19 09:26:00,09:26:43,35.9,41.1,510,2,,
189,2023-08-19 09:41:00,09:41:51,36.2,44.5,506,2,,
190,2023-08-19 09:57:00,09:57:02,37.8,38.7,504,2,,
191,2023-08-19 10:12:00,10:12:10,38.2,38.3,498,2,,
192,2023-08-19 10:27:00,10:27:22,39.1,38.7,498,2,,
193,2023-08-19 10:42:00,10:42:30,39.3,40.3,505,2,,
194,2023-08-19 10:57:00,10:57:46,37.5,41.4,501,2,,
195,2023-08-19 11:12:00,11:12:42,38.7,38.7,500,2,,
196,2023-08-19 11:27:00,11:27:50,38.2,38.4,500,2,,
197,2023-08-19 11:42:00,11:42:57,39.7,43.7,502,2,,
198,2023-08-19 11:58:00,11:58:04,39.9,40.6,502,2,,
199,2023-08-19 12:13:00,12:13:12,40.8,41.7,505,2,,
200,2023-08-19 12:28:00,12:28:18,35,51.2,510,2,,
201,2023-08-19 12:43:00,12:43:30,30.8,58.1,513,2,,
202,2023-08-19 12:58:00,12:58:46,28.1,63.6,521,2,,
203,2023-08-19 13:13:00,13:13:42,27.8,62.9,523,2,,
204,2023-08-19 13:28:00,13:28:48,28.5,63,927,2,,
205,2023-08-19 13:43:00,13:43:55,30.2,58.2,910,2,,
206,2023-08-19 13:59:00,13:59:02,29.9,59.5,907,2,,
207,2023-08-19 14:14:00,14:14:15,29.5,59.3,904,2,,
208,2023-08-19 14:29:00,14:29:21,29.3,60,905,2,,
209,2023-08-19 14:44:00,14:44:27,30,59,902,2,,
210,2023-08-19 14:59:00,14:59:44,32.9,56.6,549,2,,
211,2023-08-19 15:14:00,15:14:42,33.3,50.4,516,2,,
212,2023-08-19 15:29:00,15:29:49,32.3,57,511,2,,
213,2023-08-19 15:45:00,15:45:00,32.8,51.2,512,2,,
214,2023-08-19 16:00:00,16:00:06,32,52.4,513,2,,
215,2023-08-19 16:15:00,16:15:12,30.4,56.8,519,2,,
216,2023-08-19 16:30:00,16:30:18,30.1,57.5,520,2,,
217,2023-08-19 16:45:00,16:45:25,30.3,57.9,526,2,,
218,2023-08-19 17:00:00,17:00:44,29.7,55.7,525,1,,
219,2023-08-19 17:15:00,17:15:42,29.2,57.1,532,1,,
220,2023-08-19 17:30:00,17:30:51,28.6,58.2,534,1,,
221,2023-08-19 17:46:00,17:46:02,27.7,57.2,534,1,,
222,2023-08-19 18:01:00,18:01:13,27.2,56.2,536,1,,
223,2023-08-19 18:16:00,18:16:21,26.9,57.1,542,1,,
224,2023-08-19 18:41:00,18:41:29,26.6,58.7,542,1,,
225,2023-08-19 18:46:00,18:46:46,26.1,61.8,543,1,,
226,2023-08-19 19:01:00,19:01:42,25.8,63.2,546,1,,
227,2023-08-19 19:16:00,19:16:53,25.6,62.4,546,1,,
228,2023-08-19 19:42:00,19:42:00,25.5,63.6,547,1,,
229,2023-08-19 19:47:00,19:47:06,25.1,62.9,952,0,,
230,2023-08-19 20:02:00,20:02:13,24.5,63.7,908,0,,
231,2023-08-19 20:17:00,20:17:20,24.3,63.2,900,0,,
232,2023-08-19 20:42:00,20:42:27,24,64.6,897,0,,
233,2023-08-19 20:47:00,20:47:44,23.9,64.8,897,0,,
234,2023-08-19 21:02:00,21:02:41,23.7,64.2,898,0,,
235,2023-08-19 21:17:00,21:17:48,23.3,66.3,898,0,,
236,2023-08-19 21:42:00,21:42:55,22.8,72.2,897,0,,
237,2023-08-19 21:48:00,21:48:15,22.5,72.6,895,0,,
238,2023-08-19 22:03:00,22:03:22,22.1,71,897,0,,
239,2023-08-19 22:18:00,22:18:30,21.8,74.7,895,0,,
240,2023-08-19 22:43:00,22:43:42,21.3,76.2,892,0,,
241,2023-08-19 22:48:00,22:48:52,21.2,76.5,889,0,,
242,2023-08-19 23:03:00,23:03:58,20.9,77.9,888,0,,
243,2023-08-19 23:19:00,23:19:06,20.9,78.7,889,0,,
244,2023-08-19 23:44:00,23:44:15,20.7,79.5,888,0,,
245,2023-08-19 23:49:00,23:49:26,20.8,80.8,886,0,,
246,2023-08-20 00:04:00,00:04:44,20.7,81.1,884,0,,
247,2023-08-20 00:19:00,00:19:41,20.5,81.3,884,0,,
248,2023-08-20 00:44:00,00:44:47,20.5,81.4,883,0,,
249,2023-08-20 00:49:00,00:49:55,20.7,80.8,880,0,,
250,2023-08-20 01:05:00,01:05:04,20.7,82.6,879,0,,
251,2023-08-20 01:20:00,01:20:13,20.6,82.5,878,0,,
252,2023-08-20 01:45:00,01:45:21,20.3,82.6,878,0,,
253,2023-08-20 01:50:00,01:50:27,20.4,81.9,879,0,,
254,2023-08-20 02:05:00,02:05:46,20.3,82.3,877,0,,
255,2023-08-20 02:20:00,02:20:47,20.5,83.6,877,0,,
256,2023-08-20 02:45:00,02:45:56,20.5,83.8,876,0,,
257,2023-08-20 03:06:00,03:06:45,20.7,84.2,874,0,,
258,2023-08-20 03:12:00,03:12:43,20.7,83.7,873,0,,
259,2023-08-20 03:27:00,03:27:43,20.1,84.4,874,0,,
260,2023-08-20 03:42:00,03:42:51,19.9,85.8,873,0,,
261,2023-08-20 03:58:00,03:58:09,19.7,85.9,873,0,,
262,2023-08-20 04:13:00,04:13:21,19.7,87.2,873,0,,
263,2023-08-20 04:28:00,04:28:27,19.5,88,870,0,,
264,2023-08-20 04:43:00,04:43:43,19.7,87.1,873,0,,
265,2023-08-20 04:58:00,04:58:41,20.3,86.1,874,0,,
266,2023-08-20 05:13:00,05:13:53,20.2,85.6,869,0,,
267,2023-08-20 05:29:00,05:29:02,20.4,85,869,0,,
268,2023-08-20 05:44:00,05:44:08,20.7,84.7,866,0,,
269,2023-08-20 05:59:00,05:59:16,20.7,86.1,878,0,,
270,2023-08-20 06:14:00,06:14:27,20.6,86,878,0,,
271,2023-08-20 06:29:00,06:29:47,20.5,87.7,869,0,,
272,2023-08-20 06:44:00,06:44:47,21,85.3,870,0,,
273,2023-08-20 06:59:00,06:59:56,24.9,78.7,879,0,,
274,2023-08-20 07:15:00,07:15:03,26.4,67.5,871,0,,
275,2023-08-20 07:30:00,07:30:11,29.1,62.9,867,0,,
276,2023-08-20 07:45:00,07:45:22,30,55.4,861,0,,
277,2023-08-20 08:00:00,08:00:30,28.7,60,809,0,,
278,2023-08-20 08:15:00,08:15:47,28,58.7,788,0,,
279,2023-08-20 08:30:00,08:30:45,26.1,66.9,788,0,,
280,2023-08-20 08:45:00,08:45:53,28.5,60.9,808,0,,
281,2023-08-20 09:01:00,09:01:00,31.6,53.7,482,2,,
282,2023-08-20 09:16:00,09:16:09,32.5,51.7,533,2,,
283,2023-08-20 09:41:00,09:41:16,32.7,52.1,460,2,,
284,2023-08-20 09:46:00,09:46:24,32.9,50,485,2,,
285,2023-08-20 10:01:00,10:01:41,35.7,48.9,489,2,,
286,2023-08-20 10:16:00,10:16:49,37.4,44.4,490,2,,
287,2023-08-20 10:41:00,10:41:46,34.5,44,489,2,,
288,2023-08-20 10:46:00,10:46:53,35.2,43.7,495,2,,
289,2023-08-20 11:02:00,11:02:04,35.5,49.3,505,2,,
290,2023-08-20 11:17:00,11:17:12,36.1,47.8,495,2,,
291,2023-08-20 11:42:00,11:42:19,31.4,57.3,482,2,,
292,2023-08-20 11:47:00,11:47:27,31.8,57.2,480,2,,
293,2023-08-20 12:02:00,12:02:45,33.8,53.2,486,2,,
294,2023-08-20 12:17:00,12:17:42,33,51.8,838,0,,
295,2023-08-20 12:42:00,12:42:48,30.5,60.9,834,0,,
296,2023-08-20 12:47:00,12:47:57,32.8,54.5,821,0,,
297,2023-08-20 13:03:00,13:03:05,30.5,60.9,542,2,,
298,2023-08-20 13:18:00,13:18:12,30.7,57.7,534,2,,
299,2023-08-20 13:43:00,13:43:18,29.5,61.9,533,2,,
300,2023-08-20 13:48:00,13:48:27,28.3,62.9,534,2,,
301,2023-08-20 14:03:00,14:03:45,28.5,64.9,537,2,,
302,2023-08-20 14:18:00,14:18:42,28.3,64.4,537,2,,
303,2023-08-20 14:43:00,14:43:48,29.3,62.3,824,2,,
304,2023-08-20 14:48:00,14:48:59,30.2,60.6,543,2,,
305,2023-08-20 15:04:00,15:04:12,28.3,63.5,997,0,,
306,2023-08-20 15:19:00,15:19:23,27.7,64.4,529,2,,
307,2023-08-20 15:44:00,15:44:29,27.3,66.5,508,1,,
308,2023-08-20 15:49:00,15:49:45,27.5,65.9,509,1,,
309,2023-08-20 16:04:00,16:04:43,27.8,65.2,522,1,,
310,2023-08-20 16:19:00,16:19:52,28.3,64.4,517,1,,
311,2023-08-20 16:45:00,16:45:04,28.3,63.9,521,1,,
312,2023-08-20 16:50:00,16:50:14,27.5,66.2,523,1,,
313,2023-08-20 17:05:00,17:05:22,27,66.2,530,1,,
314,2023-08-20 17:20:00,17:20:44,26.2,67.5,528,1,,
315,2023-08-20 17:45:00,17:45:40,26.5,65.7,530,1,,
316,2023-08-20 17:50:00,17:50:47,26.1,66,533,1,,
317,2023-08-20 18:05:00,18:05:53,25.9,68,535,1,,
318,2023-08-20 18:21:00,18:21:07,25.3,68.1,549,1,,
319,2023-08-20 18:46:00,18:46:14,24.9,69,542,2,,
320,2023-08-20 18:51:00,18:51:20,24.5,71.4,544,2,,
321,2023-08-20 19:06:00,19:06:26,24.2,72.3,547,2,,
322,2023-08-20 19:21:00,19:21:43,24,73.5,548,2,,
323,2023-08-20 19:46:00,19:46:41,24,74.5,552,2,,
324,2023-08-20 19:51:00,19:51:48,24,74.9,552,2,,
325,2023-08-20 20:45:00,20:45:51,24,77.2,553,2,,
326,2023-08-20 20:50:00,20:50:58,24.2,74.6,581,2,,
327,2023-08-20 21:06:00,21:06:05,24.4,76.5,582,2,,
328,2023-08-20 21:21:00,21:21:22,24.3,77.4,576,2,,
329,2023-08-20 21:46:00,21:46:29,23.6,78.8,544,2,,
330,2023-08-20 21:51:00,21:51:45,23.1,80.2,570,2,,
331,2023-08-20 22:06:00,22:06:43,22.5,79.7,577,2,,
332,2023-08-20 22:21:00,22:21:50,22.4,81.5,574,2,,
333,2023-08-20 22:46:00,22:46:56,22.1,81.9,560,2,,
334,2023-08-20 22:52:00,22:52:03,22.5,81.7,564,2,,
335,2023-08-20 23:07:00,23:07:09,22.6,83.5,568,2,,
336,2023-08-20 23:22:00,23:22:17,22.7,82.7,571,2,,
337,2023-08-20 23:47:00,23:47:24,22.8,82.4,567,2,,
338,2023-08-21 00:07:00,00:07:49,21.9,84.1,565,2,,
339,2023-08-21 00:22:00,00:22:48,21.7,84.4,565,2,,
340,2023-08-21 00:47:00,00:47:55,21.1,88.1,569,2,,
341,2023-08-21 00:53:00,00:53:03,21.1,88.1,567,2,,
342,2023-08-21 01:08:00,01:08:10,20.8,88.1,567,2,,
343,2023-08-21 01:23:00,01:23:17,20.7,86.3,568,2,,
344,2023-08-21 01:48:00,01:48:25,20.8,86.3,568,2,,
345,2023-08-21 01:53:00,01:53:43,21,85.8,572,2,,
346,2023-08-21 02:08:00,02:08:42,20.8,86,572,2,,
347,2023-08-21 02:23:00,02:23:48,20.7,86.8,573,2,,
348,2023-08-21 02:48:00,02:48:56,21,86,577,2,,
349,2023-08-21 02:54:00,02:54:03,21.2,85.2,576,2,,
350,2023-08-21 03:09:00,03:09:09,21.1,84.8,573,2,,
351,2023-08-21 03:24:00,03:24:20,21.1,83.1,574,2,,
352,2023-08-21 03:49:00,03:49:29,20.8,83.7,572,2,,
353,2023-08-21 03:54:00,03:54:40,20.6,86.3,573,2,,
354,2023-08-21 04:09:00,04:09:49,20.9,85.7,573,2,,
355,2023-08-21 04:24:00,04:24:57,21,83.6,578,2,,
356,2023-08-21 04:40:00,04:40:07,20.9,84.2,577,2,,
357,2023-08-21 04:55:00,04:55:15,20.3,86.2,577,2,,
358,2023-08-21 05:10:00,05:10:24,20.1,87.2,576,2,,
359,2023-08-21 05:25:00,05:25:42,19.9,88.2,580,2,,
360,2023-08-21 05:40:00,05:40:49,19.8,88.4,582,2,,
361,2023-08-21 05:55:00,05:55:46,19.7,87.2,580,2,,
362,2023-08-21 06:10:00,06:10:54,19.6,87.9,582,2,,
363,2023-08-21 06:26:00,06:26:02,19.7,88.8,584,2,,
364,2023-08-21 06:41:00,06:41:09,19.7,90.1,584,2,,
365,2023-08-21 06:56:00,06:56:18,22,83.5,579,2,,
366,2023-08-21 07:11:00,07:11:26,25,72.2,577,2,,
367,2023-08-21 07:26:00,07:26:45,27,65,570,1,,
368,2023-08-21 07:41:00,07:41:43,29,59.6,569,1,,
369,2023-08-21 07:56:00,07:56:50,30.7,54.4,561,1,,
370,2023-08-21 08:11:00,08:11:58,32.2,50.4,561,1,,
371,2023-08-21 08:27:00,08:27:04,33.3,47.8,565,1,,
372,2023-08-21 08:42:00,08:42:12,33,48.3,564,2,,
373,2023-08-21 08:57:00,08:57:23,33.5,49.3,562,2,,
374,2023-08-21 09:12:00,09:12:41,35.1,44.3,562,2,,
375,2023-08-21 09:27:00,09:27:41,36.1,42.1,558,2,,
376,2023-08-21 09:42:00,09:42:48,36.1,47.1,559,2,,
377,2023-08-21 09:57:00,09:57:57,34.5,45.3,557,2,,
378,2023-08-21 10:13:00,10:13:05,36.4,46.7,570,2,,
379,2023-08-21 10:28:00,10:28:15,36.5,45.4,578,2,,
380,2023-08-21 10:43:00,10:43:21,38.3,41.7,578,2,,
381,2023-08-21 10:58:00,10:58:29,36.4,41.9,574,2,,
382,2023-08-21 11:13:00,11:13:45,35.1,42.7,573,2,,
383,2023-08-21 11:28:00,11:28:47,34.1,49,574,2,,
384,2023-08-21 11:43:00,11:43:55,33.6,47.3,574,2,,
385,2023-08-21 11:59:00,11:59:08,32.5,47.4,567,2,,
386,2023-08-21 12:14:00,12:14:16,32.1,48.6,571,2,,
387,2023-08-21 12:29:00,12:29:23,32.2,50.3,557,2,,
388,2023-08-21 12:44:00,12:44:47,38.5,39.7,553,2,,
389,2023-08-21 12:59:00,12:59:43,34.3,47.2,564,2,,
390,2023-08-21 13:14:00,13:14:50,32.8,55.3,861,0,,
391,2023-08-21 13:29:00,13:29:56,33.3,53.4,856,0,,
392,2023-08-21 13:45:00,13:45:02,35.4,50.1,849,0,,
393,2023-08-21 14:00:00,14:00:09,36.3,47.9,852,0,,
394,2023-08-21 14:15:00,14:15:16,35.8,49.3,853,0,,
395,2023-08-21 14:30:00,14:30:24,35.8,50.4,846,0,,
396,2023-08-21 14:45:00,14:45:41,35.3,49.5,850,0,,
397,2023-08-21 15:00:00,15:00:48,35.4,50.9,845,0,,
398,2023-08-21 15:15:00,15:15:46,34.5,52.4,840,0,,
399,2023-08-21 15:30:00,15:30:53,31.8,55.4,836,0,,
400,2023-08-21 15:46:00,15:46:00,33.5,53.3,836,0,,
401,2023-08-21 16:01:00,16:01:13,32.8,55.9,838,0,,
402,2023-08-21 16:16:00,16:16:21,32,57.3,1024,0,,
403,2023-08-21 16:41:00,16:41:29,32,57.2,938,0,,
404,2023-08-21 16:46:00,16:46:41,30.5,60.2,920,0,,
405,2023-08-21 17:01:00,17:01:49,28.7,65.8,880,0,,
406,2023-08-21 17:16:00,17:16:57,29,65.5,893,0,,
407,2023-08-21 17:42:00,17:42:06,28.1,65.7,890,0,,
408,2023-08-21 17:47:00,17:47:15,26.7,68.7,889,0,,
409,2023-08-21 18:02:00,18:02:23,26.4,70.3,890,0,,
410,2023-08-21 18:17:00,18:17:42,25.6,72.9,889,0,,
411,2023-08-21 18:42:00,18:42:49,25.4,75.8,808,0,,
412,2023-08-21 18:47:00,18:47:47,24.6,77.5,873,0,,
413,2023-08-21 19:02:00,19:02:59,24.2,78.6,897,0,,
414,2023-08-21 19:18:00,19:18:06,24.1,79.9,906,0,,
415,2023-08-21 19:43:00,19:43:15,23.7,80.8,897,0,,
416,2023-08-21 19:48:00,19:48:23,23.6,80.8,900,0,,
417,2023-08-21 20:03:00,20:03:30,23.6,81.4,901,0,,
418,2023-08-21 20:18:00,20:18:42,23.4,81.2,897,0,,
419,2023-08-21 20:43:00,20:43:50,23.2,81.2,900,0,,
420,2023-08-21 20:48:00,20:48:57,23.1,81.5,902,0,,
421,2023-08-21 21:04:00,21:04:06,23.1,81.5,898,0,,
422,2023-08-21 21:19:00,21:19:14,23.1,81.3,903,0,,
423,2023-08-21 21:44:00,21:44:21,23,83.1,902,0,,
424,2023-08-21 21:49:00,21:49:42,22.7,83.7,905,0,,
425,2023-08-21 22:04:00,22:04:48,22.8,85.3,902,0,,
426,2023-08-21 22:19:00,22:19:47,23,83.7,904,0,,
427,2023-08-21 22:44:00,22:44:54,23.1,84.1,902,0,,
428,2023-08-21 22:50:00,22:50:06,23.1,84,902,0,,
429,2023-08-21 23:05:00,23:05:18,23.2,83.6,903,0,,
430,2023-08-21 23:20:00,23:20:25,23.1,83.7,903,0,,
431,2023-08-21 23:45:00,23:45:47,23.3,84,902,0,,
432,2023-08-21 23:50:00,23:50:46,23.4,84,901,0,,
433,2023-08-22 00:05:00,00:05:54,23.2,83.9,900,0,,
434,2023-08-22 00:21:00,00:21:03,23,84.7,898,0,,
435,2023-08-22 00:46:00,00:46:10,23,84.2,897,0,,
436,2023-08-22 00:51:00,00:51:21,22.8,85.5,896,0,,
437,2023-08-22 01:06:00,01:06:29,22.9,84.8,897,0,,
438,2023-08-22 01:21:00,01:21:45,22.4,85.1,895,0,,
439,2023-08-22 01:46:00,01:46:44,22.1,84.7,893,0,,
440,2023-08-22 01:51:00,01:51:50,22.3,84.2,889,0,,
441,2023-08-22 02:07:00,02:07:00,22.5,83.2,885,0,,
442,2023-08-22 02:22:00,02:22:12,22.1,84.4,884,0,,
443,2023-08-22 02:47:00,02:47:20,22.2,84.4,881,0,,
444,2023-08-22 02:52:00,02:52:28,21.9,86,880,0,,
445,2023-08-22 03:07:00,03:07:46,21.9,85,879,0,,
446,2023-08-22 03:22:00,03:22:44,21.5,87.1,878,0,,
447,2023-08-22 03:47:00,03:47:56,21.7,85.5,876,0,,
448,2023-08-22 03:53:00,03:53:07,21.7,86.1,870,0,,
449,2023-08-22 04:08:00,04:08:15,21.5,86,870,0,,
450,2023-08-22 04:23:00,04:23:28,21.1,87.3,870,0,,
451,2023-08-22 04:48:00,04:48:49,20.9,87.6,867,0,,
452,2023-08-22 04:53:00,04:53:48,20.5,88.7,865,0,,
453,2023-08-22 05:08:00,05:08:55,20.3,90,862,0,,
454,2023-08-22 05:24:00,05:24:01,20.3,89.4,861,0,,
455,2023-08-22 05:49:00,05:49:09,20.1,91.5,859,0,,
456,2023-08-22 05:54:00,05:54:21,20,90.2,858,0,,
457,2023-08-22 06:09:00,06:09:30,19.9,89.9,857,0,,
458,2023-08-22 06:24:00,06:24:46,20.1,89,856,0,,
459,2023-08-22 06:49:00,06:49:43,20.6,90.6,856,0,,
460,2023-08-22 06:54:00,06:54:51,20.8,87.8,852,0,,
461,2023-08-22 07:10:00,07:10:01,23.8,81.7,848,0,,
462,2023-08-22 07:25:00,07:25:09,27.1,69.3,844,0,,
463,2023-08-22 07:40:00,07:40:19,28.9,60.8,842,0,,
464,2023-08-22 07:55:00,07:55:27,31.1,57.2,836,0,,
465,2023-08-22 08:10:00,08:10:46,31.9,53.3,840,0,,
466,2023-08-22 08:25:00,08:25:42,33.6,51.2,836,0,,
467,2023-08-22 08:40:00,08:40:51,34.6,47.1,833,0,,
468,2023-08-22 08:55:00,08:55:59,33,51.2,835,0,,
469,2023-08-22 09:11:00,09:11:08,35.4,44.7,834,0,,
470,2023-08-22 09:26:00,09:26:14,37.1,42.2,836,0,,
471,2023-08-22 09:41:00,09:41:21,36.7,42.5,838,0,,
472,2023-08-22 09:56:00,09:56:30,37.5,42.5,840,0,,
473,2023-08-22 10:11:00,10:11:47,37.6,41.1,840,0,,
474,2023-08-22 10:26:00,10:26:44,39.6,39,496,2,,
475,2023-08-22 10:41:00,10:41:52,37.8,45.1,495,2,,
476,2023-08-22 10:57:00,10:57:02,38.9,37.9,470,2,,
477,2023-08-22 11:12:00,11:12:09,38.6,41.3,487,2,,
478,2023-08-22 11:27:00,11:27:15,35.3,45.9,501,2,,
479,2023-08-22 11:42:00,11:42:21,36.5,47.2,500,2,,
480,2023-08-22 11:57:00,11:57:30,36.9,46.8,754,0,,
481,2023-08-22 12:12:00,12:12:48,37,47.9,718,0,,
482,2023-08-22 12:41:00,12:41:00,37.1,49.2,710,0,,
483,2023-08-22 12:46:00,12:46:08,37.6,44,722,0,,
484,2023-08-22 13:01:00,13:01:17,37.9,45.9,733,0,,
485,2023-08-22 13:16:00,13:16:23,35.8,48.6,752,0,,
486,2023-08-22 13:41:00,13:41:30,36.6,47.9,762,0,,
487,2023-08-22 13:46:00,13:46:46,36.8,49.1,766,0,,
488,2023-08-22 14:01:00,14:01:44,36.5,50.3,774,0,,
489,2023-08-22 14:16:00,14:16:51,36.3,49.2,775,0,,
490,2023-08-22 14:41:00,14:41:59,36.4,49.2,784,0,,
491,2023-08-22 14:47:00,14:47:06,34.8,53.9,784,0,,
492,2023-08-22 15:02:00,15:02:12,34.6,56,788,0,,
493,2023-08-22 15:17:00,15:17:18,35.7,50.3,789,0,,
494,2023-08-22 15:42:00,15:42:25,34,54.3,793,0,,
495,2023-08-22 15:47:00,15:47:41,34,54.1,798,0,,
496,2023-08-22 16:02:00,16:02:47,30.7,60.2,578,2,,
497,2023-08-22 16:17:00,16:17:43,29.1,64.9,545,1,,
498,2023-08-22 16:42:00,16:42:50,28,67,548,1,,
499,2023-08-22 16:47:00,16:47:56,28.4,65.8,548,1,,
500,2023-08-22 17:03:00,17:03:04,27.3,69.2,548,1,,
501,2023-08-22 17:18:00,17:18:11,26.2,72.3,552,1,,
502,2023-08-22 17:43:00,17:43:17,26,73,955,0,,
503,2023-08-22 17:48:00,17:48:25,25.7,73.3,908,0,,
504,2023-08-22 18:03:00,18:03:48,25.2,74.3,870,0,,
505,2023-08-22 18:18:00,18:18:47,25.2,75.2,870,0,,
506,2023-08-22 18:43:00,18:43:53,25.4,74.5,870,0,,
507,2023-08-22 18:49:00,18:49:14,25.2,75.7,861,0,,
508,2023-08-22 19:04:00,19:04:25,24.4,82,823,0,,
509,2023-08-22 19:19:00,19:19:42,23.9,85,843,0,,
510,2023-08-22 19:44:00,19:44:49,23.6,89,859,0,,
511,2023-08-22 19:49:00,19:49:49,23.5,88.3,864,0,,
512,2023-08-22 20:05:00,20:05:02,23.6,88.9,857,0,,
513,2023-08-22 20:20:00,20:20:13,23.9,90,862,0,,
514,2023-08-22 20:45:00,20:45:20,24,88.8,866,0,,
515,2023-08-22 20:50:00,20:50:41,23.9,89.8,866,0,,
516,2023-08-22 21:05:00,21:05:49,23.4,91.8,865,0,,
517,2023-08-22 21:20:00,21:20:47,23.6,90.2,861,0,,
518,2023-08-22 21:45:00,21:45:54,23.6,89,858,0,,
519,2023-08-22 21:51:00,21:51:01,23.5,89.7,854,0,,
520,2023-08-22 22:06:00,22:06:08,23.5,87.4,848,0,,
521,2023-08-22 22:21:00,22:21:14,23.4,89,840,0,,
522,2023-08-22 22:46:00,22:46:21,23.3,87.5,834,0,,
523,2023-08-22 22:51:00,22:51:27,23,88.3,831,0,,
524,2023-08-22 23:06:00,23:06:44,22.9,87.8,825,0,,
525,2023-08-22 23:21:00,23:21:40,23,87.2,820,0,,
526,2023-08-22 23:46:00,23:46:46,22.9,87.7,817,0,,
527,2023-08-22 23:51:00,23:51:54,23.1,87.3,811,0,,
528,2023-08-23 00:07:00,00:07:02,22.9,86.6,804,0,,
529,2023-08-23 00:22:00,00:22:08,22.9,87.4,800,0,,
530,2023-08-23 00:47:00,00:47:16,23.1,87.1,798,0,,
531,2023-08-23 00:52:00,00:52:22,23.3,87.4,788,0,,
532,2023-08-23 01:07:00,01:07:30,23.5,86,786,0,,
533,2023-08-23 01:22:00,01:22:46,23.5,87.7,782,0,,
534,2023-08-23 01:47:00,01:47:45,23.6,87,781,0,,
535,2023-08-23 01:52:00,01:52:52,23.5,87.8,782,0,,
536,2023-08-23 02:07:00,02:07:58,23.6,87.5,776,0,,
537,2023-08-23 02:23:00,02:23:04,23.4,87.6,775,0,,
538,2023-08-23 02:48:00,02:48:11,23.3,89,774,0,,
539,2023-08-23 02:53:00,02:53:17,23.2,88.5,774,0,,
540,2023-08-23 03:08:00,03:08:23,22.8,88.7,773,0,,
541,2023-08-23 03:23:00,03:23:29,22.5,89.2,774,0,,
542,2023-08-23 03:54:00,03:54:05,22.7,88.8,771,0,,
543,2023-08-23 04:09:00,04:09:11,22.5,89,769,0,,
544,2023-08-23 04:24:00,04:24:18,22.4,89.8,770,0,,
545,2023-08-23 04:49:00,04:49:24,22.5,89.9,770,0,,
546,2023-08-23 04:54:00,04:54:30,22.4,90.6,769,0,,
547,2023-08-23 05:09:00,05:09:48,22.6,88.7,769,0,,
548,2023-08-23 05:24:00,05:24:45,22.5,88.2,769,0,,
549,2023-08-23 05:49:00,05:49:51,22.2,88.6,769,0,,
550,2023-08-23 05:54:00,05:54:57,22.3,90,766,0,,
551,2023-08-23 06:10:00,06:10:06,22.4,89,766,0,,
552,2023-08-23 06:25:00,06:25:12,22.1,91.1,769,0,,
553,2023-08-23 06:40:00,06:40:19,22.6,89.7,766,0,,
554,2023-08-23 06:55:00,06:55:25,24.1,85.4,766,0,,
555,2023-08-23 07:10:00,07:10:41,24.4,82.4,766,0,,
556,2023-08-23 07:25:00,07:25:41,25.2,78.5,765,0,,
557,2023-08-23 07:40:00,07:40:47,26.4,76.7,765,0,,
558,2023-08-23 07:55:00,07:55:56,29.7,66.8,761,0,,
559,2023-08-23 08:11:00,08:11:02,30.6,62,760,0,,
560,2023-08-23 08:26:00,08:26:09,30.3,63.8,766,0,,
561,2023-08-23 08:41:00,08:41:15,31.6,59.4,765,0,,
562,2023-08-23 08:56:00,08:56:22,31.8,60.2,769,0,,
563,2023-08-23 09:11:00,09:11:30,31.5,58.3,773,0,,
564,2023-08-23 09:26:00,09:26:46,33.2,54.7,857,0,,
565,2023-08-23 09:41:00,09:41:43,35.4,47.9,832,0,,
566,2023-08-23 09:56:00,09:56:51,38.1,45.6,772,0,,
567,2023-08-23 10:11:00,10:11:59,36.5,46,804,0,,
568,2023-08-23 10:27:00,10:27:06,38,46.2,811,0,,
569,2023-08-23 10:42:00,10:42:14,36.5,46.8,823,0,,
570,2023-08-23 10:57:00,10:57:21,35.9,47.4,826,0,,
571,2023-08-23 11:12:00,11:12:28,36.3,50.1,832,0,,
572,2023-08-23 11:27:00,11:27:44,35.2,45.2,840,0,,
573,2023-08-23 11:42:00,11:42:40,36.3,47,836,0,,
574,2023-08-23 11:57:00,11:57:50,35.2,44.7,844,0,,
575,2023-08-23 12:12:00,12:12:55,34.4,45.2,846,0,,
576,2023-08-23 12:28:00,12:28:02,34.6,49.6,842,0,,
577,2023-08-23 12:43:00,12:43:08,36.5,49,847,0,,
578,2023-08-23 12:58:00,12:58:14,36.3,45.7,842,0,,
579,2023-08-23 13:13:00,13:13:21,38.6,40.5,845,0,,
580,2023-08-23 13:28:00,13:28:29,38,41.1,854,0,,
581,2023-08-23 13:43:00,13:43:46,36.5,47.8,946,0,,
582,2023-08-23 13:58:00,13:58:42,34.2,50.1,854,0,,
583,2023-08-23 14:13:00,14:13:49,33.8,52.6,857,0,,
584,2023-08-23 14:28:00,14:28:55,33.8,56,862,0,,
585,2023-08-23 14:44:00,14:44:02,32.4,61.7,864,0,,
586,2023-08-23 14:59:00,14:59:10,33.2,57.2,862,0,,
587,2023-08-23 15:14:00,15:14:17,33,60,928,0,,
588,2023-08-23 15:29:00,15:29:23,32.1,62.5,913,0,,
589,2023-08-23 15:44:00,15:44:30,32.8,60.1,906,0,,
590,2023-08-23 15:59:00,15:59:46,33.5,60,901,0,,
591,2023-08-23 16:14:00,16:14:42,32.5,62.6,865,0,,
592,2023-08-23 16:29:00,16:29:49,30.2,66.5,866,0,,
593,2023-08-23 16:44:00,16:44:55,28.9,71.2,865,0,,
594,2023-08-23 17:00:00,17:00:01,28.6,72,866,0,,
595,2023-08-23 17:15:00,17:15:10,28.2,70.7,868,0,,
596,2023-08-23 17:30:00,17:30:18,27.9,71.2,868,0,,
597,2023-08-23 17:45:00,17:45:25,27.7,69.6,867,0,,
598,2023-08-23 18:00:00,18:00:41,27.2,71.4,861,0,,
599,2023-08-23 18:15:00,18:15:47,26.7,73,865,0,,
600,2023-08-23 18:30:00,18:30:46,26.2,75.5,866,0,,
601,2023-08-23 18:45:00,18:45:54,25.8,76.8,861,0,,
602,2023-08-23 19:01:00,19:01:06,25.7,76.6,860,0,,
603,2023-08-23 19:16:00,19:16:13,25.2,78.9,861,0,,
604,2023-08-23 19:41:00,19:41:20,25.2,79.7,859,0,,
605,2023-08-23 19:46:00,19:46:26,25.2,79.6,861,0,,
606,2023-08-23 20:01:00,20:01:43,25.2,80.3,784,0,,
607,2023-08-23 20:16:00,20:16:49,24.4,84.3,692,0,,
608,2023-08-23 20:41:00,20:41:49,23.9,85.7,838,0,,
609,2023-08-23 20:46:00,20:46:56,23.9,86,856,0,,
610,2023-08-23 21:02:00,21:02:03,23.9,86,854,0,,
611,2023-08-23 21:17:00,21:17:09,24.2,84.6,855,0,,
612,2023-08-23 21:42:00,21:42:17,24.2,84.3,856,0,,
613,2023-08-23 21:47:00,21:47:24,24.2,84.4,856,0,,
614,2023-08-23 22:02:00,22:02:30,24.2,85.2,856,0,,
615,2023-08-23 22:17:00,22:17:46,24.2,85.1,857,0,,
616,2023-08-23 22:42:00,22:42:45,24.3,84.3,856,0,,
617,2023-08-23 22:47:00,22:47:53,24.3,85,857,0,,
618,2023-08-23 23:03:00,23:03:00,24.2,84.9,856,0,,
619,2023-08-23 23:18:00,23:18:06,24,85.9,857,0,,
620,2023-08-23 23:43:00,23:43:13,23.9,86.3,856,0,,
621,2023-08-23 23:48:00,23:48:19,23.7,87.2,849,0,,
622,2023-08-24 00:03:00,00:03:27,23.6,87.3,859,0,,
623,2023-08-24 00:18:00,00:18:49,23.5,87.7,847,0,,
624,2023-08-24 00:43:00,00:43:45,23.5,88,848,0,,
625,2023-08-24 00:48:00,00:48:51,23.4,88.1,848,0,,
626,2023-08-24 01:03:00,01:03:58,23.3,88.7,846,0,,
627,2023-08-24 01:19:00,01:19:06,23.5,88.1,841,0,,
628,2023-08-24 01:44:00,01:44:13,23.7,87.3,838,0,,
629,2023-08-24 01:49:00,01:49:21,23.6,87.6,835,0,,
630,2023-08-24 02:04:00,02:04:30,23.7,87.4,826,0,,
631,2023-08-24 02:19:00,02:19:48,23.7,87.2,825,0,,
632,2023-08-24 02:44:00,02:44:45,23.8,86.2,823,0,,
633,2023-08-24 02:49:00,02:49:53,23.6,85.9,823,0,,
634,2023-08-24 03:05:00,03:05:01,23.5,86.3,820,0,,
635,2023-08-24 03:20:00,03:20:08,23.4,87.5,820,0,,
636,2023-08-24 03:45:00,03:45:14,23.3,89.2,814,0,,
637,2023-08-24 03:50:00,03:50:21,23.5,88.5,813,0,,
638,2023-08-24 04:05:00,04:05:27,23.6,87.5,811,0,,
639,2023-08-24 04:26:00,04:26:47,23.7,86.7,795,0,,
640,2023-08-24 04:41:00,04:41:52,23.4,87.6,804,0,,
641,2023-08-24 04:57:00,04:57:01,23.6,88.2,807,0,,
642,2023-08-24 05:12:00,05:12:07,23.7,87.3,802,0,,
643,2023-08-24 05:27:00,05:27:14,23.6,87.3,800,0,,
644,2023-08-24 05:42:00,05:42:20,23.5,88.4,800,0,,
645,2023-08-24 05:57:00,05:57:27,23.3,89.3,800,0,,
646,2023-08-24 06:12:00,06:12:46,23.4,89,796,0,,
647,2023-08-24 06:27:00,06:27:43,23.8,88.4,794,0,,
648,2023-08-24 06:42:00,06:42:49,24,87.5,794,0,,
649,2023-08-24 06:57:00,06:57:55,24.1,87.5,793,0,,
650,2023-08-24 07:13:00,07:13:03,24.8,85.2,790,0,,
651,2023-08-24 07:28:00,07:28:12,25.4,82.5,788,0,,
652,2023-08-24 07:43:00,07:43:18,25.7,81.3,788,0,,
653,2023-08-24 07:58:00,07:58:25,25.1,83.8,786,0,,
654,2023-08-24 08:13:00,08:13:41,25.6,81.7,784,0,,
655,2023-08-24 08:28:00,08:28:49,26.2,79,782,0,,
656,2023-08-24 08:43:00,08:43:46,26.5,75.4,782,0,,
657,2023-08-24 08:58:00,08:58:52,29,68.5,782,0,,
658,2023-08-24 09:14:00,09:14:00,30,63.8,780,0,,
659,2023-08-24 09:29:00,09:29:07,29.3,65.5,784,0,,
660,2023-08-24 09:44:00,09:44:14,31.5,60.8,778,0,,
661,2023-08-24 09:59:00,09:59:22,35.1,50.5,793,0,,
662,2023-08-24 10:46:00,10:46:49,31.9,61.1,821,0,,
663,2023-08-24 10:51:00,10:51:56,31.5,62.7,823,0,,
664,2023-08-24 11:07:00,11:07:02,31.6,64.4,824,0,,
665,2023-08-24 11:22:00,11:22:08,29.5,65.9,838,0,,
666,2023-08-24 11:47:00,11:47:15,27.9,71.9,838,0,,
667,2023-08-24 11:52:00,11:52:21,26.7,76.6,819,0,,
668,2023-08-24 12:07:00,12:07:28,26.2,75.8,830,0,,
669,2023-08-24 12:22:00,12:22:44,25.7,79,833,0,,
670,2023-08-24 12:47:00,12:47:41,26.3,78,832,0,,
671,2023-08-24 12:52:00,12:52:47,28,73.9,831,0,,
672,2023-08-24 13:07:00,13:07:55,29.2,69.2,828,0,,
673,2023-08-24 13:23:00,13:23:03,30.4,63.9,824,0,,
674,2023-08-24 13:48:00,13:48:11,31.2,60.6,824,0,,
675,2023-08-24 13:53:00,13:53:18,30.3,65,828,0,,
676,2023-08-24 14:08:00,14:08:25,30.1,64.2,833,0,,
677,2023-08-24 14:23:00,14:23:41,30.5,65.2,835,0,,
678,2023-08-24 14:48:00,14:48:48,31,63.4,836,0,,
679,2023-08-24 14:53:00,14:53:45,30.9,65,846,0,,
680,2023-08-24 15:08:00,15:08:51,29.7,62.1,854,0,,
681,2023-08-24 15:24:00,15:24:00,28,67.7,857,0,,
682,2023-08-24 15:49:00,15:49:06,26.6,74,862,0,,
683,2023-08-24 15:54:00,15:54:13,27.1,71.2,865,0,,
684,2023-08-24 16:09:00,16:09:24,26.5,73.3,860,0,,
685,2023-08-24 16:24:00,16:24:43,24.6,80.8,849,0,,
686,2023-08-24 16:49:00,16:49:48,24.5,83.6,846,0,,
687,2023-08-24 16:54:00,16:54:56,24.4,83.8,846,0,,
688,2023-08-24 17:10:00,17:10:03,24,84.9,847,0,,
689,2023-08-24 17:25:00,17:25:09,23.6,86.7,849,0,,
690,2023-08-24 17:40:00,17:40:15,23.5,86.1,849,0,,
691,2023-08-24 17:55:00,17:55:24,23.6,85.7,845,0,,
692,2023-08-24 18:10:00,18:10:41,23.7,85,847,0,,
693,2023-08-24 18:25:00,18:25:47,23.8,85.1,845,0,,
694,2023-08-24 18:40:00,18:40:49,24,85,847,0,,
695,2023-08-24 18:55:00,18:55:55,23.3,87.9,847,0,,
696,2023-08-24 19:11:00,19:11:02,23.5,86.7,849,0,,
697,2023-08-24 19:26:00,19:26:09,23.2,90,848,0,,
698,2023-08-24 19:41:00,19:41:16,23.4,87.9,848,0,,
699,2023-08-24 19:56:00,19:56:22,23.5,87.9,848,0,,
700,2023-08-24 20:11:00,20:11:29,23.9,86.8,847,0,,
701,2023-08-24 20:26:00,20:26:46,23.4,89.5,848,0,,
702,2023-08-24 20:41:00,20:41:43,23.6,87.8,847,0,,
703,2023-08-24 20:56:00,20:56:52,23.8,87,848,0,,
704,2023-08-24 21:11:00,21:11:58,23.6,83.2,848,0,,
705,2023-08-24 21:27:00,21:27:07,23.3,82.1,848,0,,
706,2023-08-24 21:42:00,21:42:16,23.4,83.4,848,0,,
707,2023-08-24 21:57:00,21:57:26,23.5,81.4,847,0,,
708,2023-08-24 22:12:00,22:12:44,23.5,83.6,842,0,,
709,2023-08-24 22:27:00,22:27:40,22.9,86.7,846,0,,
710,2023-08-24 22:42:00,22:42:48,22.6,88.7,837,0,,
711,2023-08-24 22:57:00,22:57:57,22.7,89.6,832,0,,
712,2023-08-24 23:13:00,23:13:04,22.6,89.8,837,0,,
713,2023-08-24 23:28:00,23:28:12,22.6,90.6,822,0,,
714,2023-08-24 23:43:00,23:43:21,22,93.5,826,0,,
715,2023-08-24 23:58:00,23:58:30,22.5,91.3,823,0,,
716,2023-08-25 00:13:00,00:13:48,22.7,90.6,823,0,,
717,2023-08-25 00:28:00,00:28:47,22.9,90.3,824,0,,
718,2023-08-25 00:43:00,00:43:54,22.7,90.7,816,0,,
719,2023-08-25 00:59:00,00:59:01,22.7,91,809,0,,
720,2023-08-25 01:14:00,01:14:15,22.8,91.2,802,0,,
721,2023-08-25 01:29:00,01:29:23,22.9,89.8,795,0,,
722,2023-08-25 01:44:00,01:44:42,22.9,89.4,786,0,,
723,2023-08-25 01:59:00,01:59:40,22.8,89.7,778,0,,
724,2023-08-25 02:14:00,02:14:47,22.9,90.3,776,0,,
725,2023-08-25 02:29:00,02:29:53,22.9,90.1,778,0,,
726,2023-08-25 02:45:00,02:45:01,22.8,90,789,0,,
727,2023-08-25 03:00:00,03:00:09,22.6,90.3,780,0,,
728,2023-08-25 03:15:00,03:15:18,22.7,90,777,0,,
729,2023-08-25 03:30:00,03:30:25,22.8,90.1,778,0,,
730,2023-08-25 03:45:00,03:45:43,22.6,90,778,0,,
731,2023-08-25 04:00:00,04:00:45,22.5,89.7,780,0,,
732,2023-08-25 04:15:00,04:15:53,22.6,89.7,778,0,,
733,2023-08-25 04:41:00,04:41:04,22.5,90.1,781,0,,
734,2023-08-25 04:46:00,04:46:12,22.5,90.5,781,0,,
735,2023-08-25 05:01:00,05:01:21,22.5,90.4,783,0,,
736,2023-08-25 05:16:00,05:16:30,22.6,90,782,0,,
737,2023-08-25 05:41:00,05:41:48,22.7,89.8,782,0,,
738,2023-08-25 05:46:00,05:46:44,22.6,89.5,783,0,,
739,2023-08-25 06:01:00,06:01:53,22.5,90.6,784,0,,
740,2023-08-25 06:17:00,06:17:00,22.6,90.3,783,0,,
741,2023-08-25 06:42:00,06:42:08,22.9,89.6,782,0,,
742,2023-08-25 06:47:00,06:47:15,22.9,88.6,786,0,,
743,2023-08-25 07:02:00,07:02:21,22.6,90.1,786,0,,
744,2023-08-25 07:17:00,07:17:28,22.8,91.5,786,0,,
745,2023-08-25 07:42:00,07:42:46,23.2,89.5,790,0,,
746,2023-08-25 07:47:00,07:47:43,24,86.8,787,0,,
747,2023-08-25 08:02:00,08:02:50,25.8,81.7,784,0,,
748,2023-08-25 08:18:00,08:18:01,26.6,76,786,0,,
749,2023-08-25 08:43:00,08:43:07,28.8,70.2,785,0,,
750,2023-08-25 08:48:00,08:48:15,32.8,62,785,0,,
751,2023-08-25 09:03:00,09:03:24,30.9,61.1,790,0,,
752,2023-08-25 09:18:00,09:18:41,30.5,60.3,787,0,,
753,2023-08-25 09:43:00,09:43:47,32.7,55.8,792,0,,
754,2023-08-25 09:48:00,09:48:45,31.3,63.1,795,0,,
755,2023-08-25 10:03:00,10:03:57,32.4,60.1,797,0,,
756,2023-08-25 10:19:00,10:19:05,36.7,49.4,796,0,,
757,2023-08-25 10:44:00,10:44:12,32.5,54.7,801,0,,
758,2023-08-25 10:49:00,10:49:18,31,59,805,0,,
759,2023-08-25 11:04:00,11:04:24,31.6,59,808,0,,
760,2023-08-25 11:19:00,11:19:43,29.9,63.7,816,0,,
761,2023-08-25 12:48:00,12:48:00,29.7,64.7,759,0,,
762,2023-08-25 12:53:00,12:53:06,35.1,51.6,795,0,,
763,2023-08-25 13:08:00,13:08:14,32.8,54.9,811,0,,
764,2023-08-25 13:23:00,13:23:22,34.7,53,437,2,,
765,2023-08-25 13:48:00,13:48:28,38.6,45.9,427,2,,
766,2023-08-25 13:53:00,13:53:45,32.6,60,440,2,,
767,2023-08-25 14:08:00,14:08:41,32.6,56.9,446,2,,
768,2023-08-25 14:23:00,14:23:49,34,56.5,445,2,,
769,2023-08-25 14:48:00,14:48:56,35.5,51.5,444,2,,
770,2023-08-25 14:54:00,14:54:03,36.1,50.7,444,2,,
771,2023-08-25 15:09:00,15:09:10,34.8,52.1,452,2,,
772,2023-08-25 15:24:00,15:24:16,32.1,57.2,894,0,,
773,2023-08-25 15:49:00,15:49:24,31.1,59.5,879,0,,
774,2023-08-25 15:54:00,15:54:48,31.8,61.8,876,0,,
775,2023-08-25 16:09:00,16:09:44,31.4,60.9,871,0,,
776,2023-08-25 16:24:00,16:24:51,30.5,63.4,866,0,,
777,2023-08-25 16:49:00,16:49:57,30.1,62.4,862,0,,
778,2023-08-25 16:55:00,16:55:04,30,63.1,867,0,,
779,2023-08-25 17:10:00,17:10:22,30.9,60.1,861,0,,
780,2023-08-25 17:25:00,17:25:28,30,63.3,859,0,,
781,2023-08-25 17:40:00,17:40:46,28.3,65.4,852,0,,
782,2023-08-25 17:55:00,17:55:43,27.3,68.7,852,0,,
783,2023-08-25 18:29:00,18:29:19,26.6,70.7,848,0,,
784,2023-08-25 18:44:00,18:44:26,26.1,72.1,845,0,,
785,2023-08-25 18:59:00,18:59:42,25.5,74,844,0,,
786,2023-08-25 19:14:00,19:14:49,25.1,74.9,845,0,,
787,2023-08-25 19:29:00,19:29:46,24.7,78.2,843,0,,
788,2023-08-25 19:44:00,19:44:52,24.4,78.8,844,0,,
789,2023-08-25 20:00:00,20:00:00,24.2,81.5,843,0,,
790,2023-08-25 20:15:00,20:15:06,24,82.5,842,0,,
791,2023-08-25 20:30:00,20:30:12,24.2,81.6,840,0,,
792,2023-08-25 20:45:00,20:45:23,24.4,81.5,835,0,,
793,2023-08-25 21:00:00,21:00:42,24.6,80.2,838,0,,
794,2023-08-25 21:15:00,21:15:44,24.2,82.4,838,0,,
795,2023-08-25 21:30:00,21:30:54,23.8,84.7,837,0,,
796,2023-08-25 21:46:00,21:46:01,23.5,84.7,838,0,,
797,2023-08-25 22:01:00,22:01:12,23.3,85.7,838,0,,
798,2023-08-25 22:16:00,22:16:19,22.9,85.7,836,0,,
799,2023-08-25 22:41:00,22:41:48,22.6,87.5,835,0,,
800,2023-08-25 22:46:00,22:46:44,22.7,87.6,834,0,,
801,2023-08-25 23:01:00,23:01:50,22.5,87.2,834,0,,
802,2023-08-25 23:16:00,23:16:57,22.2,87.9,833,0,,
803,2023-08-25 23:42:00,23:42:03,22,88.7,832,0,,
804,2023-08-25 23:47:00,23:47:09,21.9,88.9,828,0,,
805,2023-08-26 00:02:00,00:02:16,21.9,88.7,829,0,,
806,2023-08-26 00:17:00,00:17:22,21.7,89.1,825,0,,
807,2023-08-26 00:42:00,00:42:28,21.6,89.3,825,0,,
808,2023-08-26 00:47:00,00:47:45,21.3,91.2,828,0,,
809,2023-08-26 01:02:00,01:02:41,21.4,89.1,829,0,,
810,2023-08-26 01:17:00,01:17:47,21.1,90.5,829,0,,
811,2023-08-26 01:42:00,01:42:54,21.5,89.4,825,0,,
812,2023-08-26 01:48:00,01:48:01,21.9,88.4,824,0,,
813,2023-08-26 02:03:00,02:03:07,21.4,91.6,824,0,,
814,2023-08-26 02:18:00,02:18:15,21.7,90.2,825,0,,
815,2023-08-26 02:43:00,02:43:22,21.8,88.1,822,0,,
816,2023-08-26 02:48:00,02:48:28,21.4,89.1,823,0,,
817,2023-08-26 03:03:00,03:03:45,21.1,90.2,824,0,,
818,2023-08-26 03:18:00,03:18:41,21,90.1,822,0,,
819,2023-08-26 03:43:00,03:43:48,20.7,91.4,823,0,,
820,2023-08-26 03:48:00,03:48:54,20.6,91.4,821,0,,
821,2023-08-26 04:04:00,04:04:00,20.6,91.1,820,0,,
822,2023-08-26 04:19:00,04:19:06,20.5,90.3,819,0,,
823,2023-08-26 04:44:00,04:44:15,20.3,90.2,817,0,,
824,2023-08-26 04:49:00,04:49:23,20.3,92.1,818,0,,
825,2023-08-26 05:04:00,05:04:30,20.1,91,819,0,,
826,2023-08-26 05:19:00,05:19:40,20.1,91,817,0,,
827,2023-08-26 05:44:00,05:44:47,20,93.2,820,0,,
828,2023-08-26 05:49:00,05:49:53,20,92.3,817,0,,
829,2023-08-26 06:05:00,06:05:00,20,91.3,817,0,,
830,2023-08-26 06:20:00,06:20:06,19.8,92.4,816,0,,
831,2023-08-26 06:45:00,06:45:12,20.1,90.9,816,0,,
832,2023-08-26 06:50:00,06:50:18,20.9,88.5,814,0,,
833,2023-08-26 07:05:00,07:05:27,21.7,88.4,813,0,,
834,2023-08-26 07:20:00,07:20:43,24.5,76.6,819,0,,
835,2023-08-26 07:45:00,07:45:42,27.2,68.4,816,0,,
836,2023-08-26 07:50:00,07:50:48,29.2,61.3,811,0,,
837,2023-08-26 08:05:00,08:05:54,31.5,55.6,811,0,,
838,2023-08-26 08:21:00,08:21:01,34.1,50,808,0,,
839,2023-08-26 08:46:00,08:46:07,35.3,48,807,0,,
840,2023-08-26 08:51:00,08:51:13,36.1,43.3,808,0,,
841,2023-08-26 09:06:00,09:06:20,35.1,48,805,0,,
842,2023-08-26 09:21:00,09:21:28,31.6,52.8,805,0,,
843,2023-08-26 09:46:00,09:46:44,34.6,47.6,806,0,,
844,2023-08-26 09:51:00,09:51:41,36,45.1,802,0,,
845,2023-08-26 10:06:00,10:06:47,38.2,43.4,801,0,,
846,2023-08-26 10:21:00,10:21:53,39.8,39.6,796,0,,
847,2023-08-26 10:47:00,10:47:00,39.2,40.3,794,0,,
848,2023-08-26 10:52:00,10:52:08,38.6,42.7,369,2,,
849,2023-08-26 11:07:00,11:07:17,35.6,49.2,406,2,,
850,2023-08-26 11:22:00,11:22:23,39.5,41.1,410,2,,
851,2023-08-26 11:47:00,11:47:29,33.8,48.4,421,2,,
852,2023-08-26 11:52:00,11:52:46,32.8,53.6,440,2,,
853,2023-08-26 12:07:00,12:07:42,36.4,49.7,402,2,,
854,2023-08-26 12:22:00,12:22:50,36.5,47.3,424,2,,
855,2023-08-26 12:48:00,12:48:12,35,47,437,2,,
856,2023-08-26 12:53:00,12:53:20,36.3,47.5,444,2,,
857,2023-08-26 13:08:00,13:08:27,38.3,42.2,448,2,,
858,2023-08-26 13:23:00,13:23:43,39.2,42.5,451,2,,
859,2023-08-26 13:48:00,13:48:40,37.7,40.5,453,2,,
860,2023-08-26 13:53:00,13:53:46,39.3,41.2,452,2,,
861,2023-08-26 14:08:00,14:08:54,37.1,43,451,2,,
862,2023-08-26 14:24:00,14:24:01,36.9,42.8,449,2,,
863,2023-08-26 14:49:00,14:49:09,35.5,43.7,451,2,,
864,2023-08-26 14:54:00,14:54:16,34.8,44.6,456,2,,
865,2023-08-26 15:09:00,15:09:22,36.3,42,459,2,,
866,2023-08-26 15:24:00,15:24:30,34.5,44.8,461,2,,
867,2023-08-26 15:49:00,15:49:47,33.5,47.1,463,2,,
868,2023-08-26 15:54:00,15:54:43,33.3,46.7,466,2,,
869,2023-08-26 16:09:00,16:09:51,32.2,50.5,470,2,,
870,2023-08-26 16:24:00,16:24:58,29.7,57,478,2,,
871,2023-08-26 16:40:00,16:40:05,28.8,60,812,0,,
872,2023-08-26 16:55:00,16:55:11,28.1,57.4,813,0,,
873,2023-08-26 17:10:00,17:10:17,27.3,59.7,796,0,,
874,2023-08-26 17:25:00,17:25:25,27.2,59.2,757,0,,
875,2023-08-26 17:40:00,17:40:44,26.8,56.9,744,0,,
876,2023-08-26 17:55:00,17:55:41,26,61.5,737,0,,
877,2023-08-26 18:10:00,18:10:47,25.8,60.1,732,0,,
878,2023-08-26 18:25:00,18:25:53,25.6,60.9,727,0,,
879,2023-08-26 18:41:00,18:41:01,25.5,60,726,0,,
880,2023-08-26 18:56:00,18:56:08,25.5,61.3,725,0,,
881,2023-08-26 19:11:00,19:11:15,25.2,61.8,722,0,,
882,2023-08-26 19:26:00,19:26:21,24.6,64.9,721,0,,
883,2023-08-26 19:41:00,19:41:27,24.4,67.1,720,0,,
884,2023-08-26 19:56:00,19:56:44,24.1,68.8,720,0,,
885,2023-08-26 20:11:00,20:11:40,23.7,68,718,0,,
886,2023-08-26 20:26:00,20:26:47,23.3,72.7,718,0,,
887,2023-08-26 20:41:00,20:41:53,23.1,75,718,0,,
888,2023-08-26 20:57:00,20:57:00,23.1,73.3,717,0,,
889,2023-08-26 21:12:00,21:12:07,23.2,74,716,0,,
890,2023-08-26 21:27:00,21:27:13,23.2,74.7,717,0,,
891,2023-08-26 21:42:00,21:42:20,23.1,74.4,716,0,,
892,2023-08-26 21:57:00,21:57:26,22.5,76.2,716,0,,
893,2023-08-26 22:12:00,22:12:42,22.4,77.7,716,0,,
894,2023-08-26 22:27:00,22:27:49,22,78.6,716,0,,
895,2023-08-26 22:42:00,22:42:45,21.7,80.3,716,0,,
896,2023-08-26 22:57:00,22:57:51,21.6,82.3,718,0,,
897,2023-08-26 23:12:00,23:12:58,21.3,82.6,718,0,,
898,2023-08-26 23:28:00,23:28:04,21,84.6,718,0,,
899,2023-08-26 23:43:00,23:43:10,20.6,85.9,720,0,,
900,2023-08-26 23:58:00,23:58:16,20.7,85,720,0,,
901,2023-08-27 00:13:00,00:13:22,20.6,85.2,718,0,,
902,2023-08-27 00:28:00,00:28:29,20.7,86,718,0,,
903,2023-08-27 00:43:00,00:43:45,21,84.7,718,0,,
904,2023-08-27 00:58:00,00:58:41,21.1,84.3,717,0,,
905,2023-08-27 01:13:00,01:13:49,20.9,85.4,718,0,,
906,2023-08-27 01:28:00,01:28:56,21,85.4,721,0,,
907,2023-08-27 01:44:00,01:44:02,20.8,85.8,718,0,,
908,2023-08-27 01:59:00,01:59:10,21,84.5,718,0,,
909,2023-08-27 02:14:00,02:14:17,21.4,85,720,0,,
910,2023-08-27 02:29:00,02:29:25,21.4,82.6,721,0,,
911,2023-08-27 02:44:00,02:44:41,21.3,82.4,721,0,,
912,2023-08-27 02:59:00,02:59:48,21.4,83,720,0,,
913,2023-08-27 03:14:00,03:14:47,21.5,82.9,720,0,,
914,2023-08-27 03:29:00,03:29:55,21.5,81.1,721,0,,
915,2023-08-27 03:45:00,03:45:01,21.1,83.6,721,0,,
916,2023-08-27 04:00:00,04:00:07,20.6,84.9,696,0,,
917,2023-08-27 04:15:00,04:15:15,20,86.6,726,0,,
918,2023-08-27 04:30:00,04:30:22,19.5,89.2,725,0,,
919,2023-08-27 04:45:00,04:45:28,19.3,90.2,721,0,,
920,2023-08-27 05:00:00,05:00:44,19.1,89.4,721,0,,
921,2023-08-27 05:15:00,05:15:42,19.1,89.8,715,0,,
922,2023-08-27 05:30:00,05:30:49,19.2,89.3,717,0,,
923,2023-08-27 05:45:00,05:45:55,18.9,89.3,716,0,,
924,2023-08-27 06:01:00,06:01:01,18.7,90.5,716,0,,
925,2023-08-27 06:16:00,06:16:08,18.7,91.8,715,0,,
926,2023-08-27 06:41:00,06:41:14,18.9,91.6,715,0,,
927,2023-08-27 06:46:00,06:46:20,21,85.9,715,0,,
928,2023-08-27 07:01:00,07:01:27,23.3,74.7,716,0,,
929,2023-08-27 07:16:00,07:16:44,22.3,80.4,717,0,,
930,2023-08-27 07:41:00,07:41:41,26.7,68.3,715,0,,
931,2023-08-27 07:46:00,07:46:48,27.1,64.7,714,0,,
932,2023-08-27 08:01:00,08:01:54,29.3,60.9,715,0,,
933,2023-08-27 08:17:00,08:17:00,31.8,53.5,713,0,,
934,2023-08-27 08:42:00,08:42:07,33.6,48,711,0,,
935,2023-08-27 08:47:00,08:47:13,33.3,47.9,713,0,,
936,2023-08-27 09:02:00,09:02:21,33.6,48.2,714,0,,
937,2023-08-27 09:17:00,09:17:28,34.7,45.7,711,0,,
938,2023-08-27 09:42:00,09:42:44,37.4,41.1,712,0,,
939,2023-08-27 09:47:00,09:47:40,38.3,42.1,714,0,,
940,2023-08-27 10:02:00,10:02:47,34.4,47.6,758,0,,
941,2023-08-27 10:17:00,10:17:53,36.9,43.8,596,2,,
942,2023-08-27 10:42:00,10:42:59,38.6,39.6,583,2,,
943,2023-08-27 10:48:00,10:48:08,39.6,38.5,571,2,,
944,2023-08-27 11:03:00,11:03:14,38.6,38,571,2,,
945,2023-08-27 11:18:00,11:18:21,35.8,49.1,574,2,,
946,2023-08-27 11:43:00,11:43:27,37.1,47.9,585,2,,
947,2023-08-27 11:48:00,11:48:43,37.3,47.3,595,2,,
948,2023-08-27 12:03:00,12:03:40,36.5,48.5,595,2,,
949,2023-08-27 12:18:00,12:18:46,35.8,49.9,595,2,,
950,2023-08-27 12:43:00,12:43:52,37.6,49,590,2,,
951,2023-08-27 12:48:00,12:48:58,34.1,52.2,937,0,,
952,2023-08-27 13:04:00,13:04:05,33.8,57.3,879,0,,
953,2023-08-27 13:19:00,13:19:11,35.6,53.3,870,0,,
954,2023-08-27 13:44:00,13:44:17,35.9,49.1,843,0,,
955,2023-08-27 13:49:00,13:49:24,37,47.3,401,2,,
956,2023-08-27 14:04:00,14:04:30,34.3,50,413,2,,
957,2023-08-27 14:19:00,14:19:47,31.4,57.8,423,2,,
958,2023-08-27 14:44:00,14:44:43,32.5,55,427,2,,
959,2023-08-27 14:49:00,14:49:50,30.3,59.7,434,2,,
960,2023-08-27 15:04:00,15:04:56,30.2,62.2,438,2,,
961,2023-08-27 15:20:00,15:20:02,29.7,62.5,446,2,,
962,2023-08-27 15:45:00,15:45:09,31.5,57,446,2,,
963,2023-08-27 15:50:00,15:50:15,30.9,55.8,456,2,,
964,2023-08-27 16:05:00,16:05:22,30.9,57.8,459,2,,
965,2023-08-27 16:20:00,16:20:28,30.3,58.7,903,0,,
966,2023-08-27 16:45:00,16:45:44,29.5,60.3,879,0,,
967,2023-08-27 16:50:00,16:50:40,28.3,61,847,0,,
968,2023-08-27 17:05:00,17:05:47,28.5,61.9,832,0,,
969,2023-08-27 17:20:00,17:20:55,27.8,64,826,0,,
970,2023-08-27 17:46:00,17:46:03,27.1,64.8,824,2,,
971,2023-08-27 17:51:00,17:51:10,26.6,65,826,0,,
972,2023-08-27 18:06:00,18:06:16,25.9,69.7,684,1,,
973,2023-08-27 18:21:00,18:21:25,24.9,73.5,679,1,,
974,2023-08-27 18:46:00,18:46:44,24.2,65.4,721,0,,
975,2023-08-27 18:51:00,18:51:41,23.7,69.6,774,0,,
976,2023-08-27 19:06:00,19:06:49,23.7,73.8,764,0,,
977,2023-08-27 19:21:00,19:21:56,23.8,76.5,748,0,,
978,2023-08-27 19:47:00,19:47:02,23.4,79.7,739,0,,
979,2023-08-27 19:52:00,19:52:08,23.3,78.7,734,0,,
980,2023-08-27 20:07:00,20:07:15,23.4,78,730,0,,
981,2023-08-27 20:22:00,20:22:21,23,80.3,727,0,,
982,2023-08-27 20:47:00,20:47:28,23.2,79.7,723,0,,
983,2023-08-27 20:52:00,20:52:44,23.3,79.5,721,0,,
984,2023-08-27 21:07:00,21:07:41,23.2,79.3,720,0,,
985,2023-08-27 21:22:00,21:22:47,23.3,79.5,717,0,,
986,2023-08-27 21:47:00,21:47:54,23.1,81,716,0,,
987,2023-08-27 21:53:00,21:53:00,23.1,81.6,714,0,,
988,2023-08-27 22:08:00,22:08:06,23.5,79.6,714,0,,
989,2023-08-27 22:23:00,22:23:13,23.1,81,713,0,,
990,2023-08-27 22:48:00,22:48:20,22.8,81.8,713,0,,
991,2023-08-27 22:53:00,22:53:28,22.5,84.8,712,0,,
992,2023-08-27 23:08:00,23:08:45,22.6,83,711,0,,
993,2023-08-27 23:23:00,23:23:43,22.6,82.8,710,0,,
994,2023-08-27 23:48:00,23:48:50,22.7,83.9,710,0,,
995,2023-08-27 23:53:00,23:53:56,22.7,83.2,712,0,,
996,2023-08-28 00:09:00,00:09:04,22.6,84.3,711,0,,
997,2023-08-28 00:24:00,00:24:13,22.4,83.5,711,0,,
998,2023-08-28 00:49:00,00:49:19,22,84.1,712,0,,
999,2023-08-28 00:54:00,00:54:26,21.7,85,710,0,,
1000,2023-08-28 01:09:00,01:09:42,21.7,85.1,711,0,,
1001,2023-08-28 01:24:00,01:24:48,21.3,85.9,710,0,,
1002,2023-08-28 01:49:00,01:49:45,21.5,85.7,710,0,,
1003,2023-08-28 01:54:00,01:54:53,21.4,86.4,710,0,,
1004,2023-08-28 02:10:00,02:10:01,21.1,85.9,711,0,,
1005,2023-08-28 02:25:00,02:25:07,20.8,87.2,710,0,,
1006,2023-08-28 02:40:00,02:40:13,20.6,88.6,711,0,,
1007,2023-08-28 02:55:00,02:55:20,20.6,87.6,710,0,,
1008,2023-08-28 03:10:00,03:10:26,20.3,89.3,711,0,,
1009,2023-08-28 03:25:00,03:25:43,20.5,88.7,710,0,,
1010,2023-08-28 03:40:00,03:40:49,20.8,88.3,710,0,,
1011,2023-08-28 03:55:00,03:55:45,21.1,86.5,711,0,,
1012,2023-08-28 04:10:00,04:10:53,20.8,87,711,0,,
1013,2023-08-28 04:26:00,04:26:03,20.8,86.9,711,0,,
1014,2023-08-28 04:41:00,04:41:13,20.3,89.6,711,0,,
1015,2023-08-28 04:56:00,04:56:21,20.3,91.3,712,0,,
1016,2023-08-28 05:11:00,05:11:46,20.5,90.5,0,0,,
1017,2023-08-28 05:49:00,05:49:24,21,88.1,706,0,,
1018,2023-08-28 06:04:00,06:04:30,21.1,87.9,706,0,,
1019,2023-08-28 06:19:00,06:19:48,21.4,87.6,708,0,,
1020,2023-08-28 06:44:00,06:44:47,21.4,88,706,0,,
1021,2023-08-28 06:49:00,06:49:53,22.2,84.9,709,0,,
1022,2023-08-28 07:05:00,07:05:02,22.8,82.1,708,0,,
1023,2023-08-28 07:20:00,07:20:10,24,79.3,708,0,,
1024,2023-08-28 07:45:00,07:45:17,24.8,73.3,706,0,,
1025,2023-08-28 07:50:00,07:50:25,27.7,66.2,704,0,,
1026,2023-08-28 08:05:00,08:05:42,29.1,60.9,702,0,,
1027,2023-08-28 08:20:00,08:20:41,30.7,57.1,703,0,,
1028,2023-08-28 08:45:00,08:45:47,28.7,57.9,708,0,,
1029,2023-08-28 08:50:00,08:50:53,28.3,63.3,709,0,,
1030,2023-08-28 09:05:00,09:05:59,28.4,60,709,0,,
1031,2023-08-28 09:21:00,09:21:07,33,54.5,708,0,,
1032,2023-08-28 09:46:00,09:46:16,33.8,49.2,298,2,,
1033,2023-08-28 09:51:00,09:51:22,36.7,46.6,307,2,,
1034,2023-08-28 10:06:00,10:06:29,37,46.6,306,2,,
1035,2023-08-28 10:21:00,10:21:45,37.1,41.7,310,2,,
1036,2023-08-28 10:46:00,10:46:41,37.5,43.4,319,2,,
1037,2023-08-28 10:51:00,10:51:47,38,46.9,338,2,,
1038,2023-08-28 11:24:00,11:24:09,32.8,52,364,2,,
1039,2023-08-28 11:49:00,11:49:15,31.4,55.7,380,2,,
1040,2023-08-28 11:54:00,11:54:24,31.6,55,388,2,,
1041,2023-08-28 12:09:00,12:09:30,30.9,53.2,393,2,,
1042,2023-08-28 12:24:00,12:24:47,30.9,54,400,2,,
1043,2023-08-28 12:49:00,12:49:43,30,55.6,400,2,,
1044,2023-08-28 12:54:00,12:54:49,31.9,54.3,404,2,,
1045,2023-08-28 13:09:00,13:09:56,33.3,51.3,409,2,,
1046,2023-08-28 13:25:00,13:25:45,36.6,47.2,408,2,,
1047,2023-08-28 13:40:00,13:40:41,36,51.2,434,2,,
1048,2023-08-28 13:55:00,13:55:48,32.8,52.9,441,2,,
1049,2023-08-28 14:10:00,14:10:54,29.3,62.3,804,0,,
1050,2023-08-28 14:26:00,14:26:01,28.5,66.9,801,0,,
1051,2023-08-28 14:41:00,14:41:09,29.2,64.4,797,0,,
1052,2023-08-28 14:56:00,14:56:16,29.4,63.5,790,0,,
1053,2023-08-28 15:11:00,15:11:22,29.8,62.1,758,0,,
1054,2023-08-28 15:26:00,15:26:28,30.3,60.8,740,0,,
1055,2023-08-28 15:41:00,15:41:45,29.7,62.5,735,0,,
1056,2023-08-28 15:56:00,15:56:43,29.7,62.1,732,0,,
1057,2023-08-28 16:11:00,16:11:50,29.6,61.5,733,0,,
1058,2023-08-28 16:26:00,16:26:56,28.3,64.2,732,0,,
1059,2023-08-28 16:42:00,16:42:02,27.3,66.9,734,0,,
1060,2023-08-28 16:57:00,16:57:09,27.5,67.2,732,0,,
1061,2023-08-28 17:12:00,17:12:15,27.4,65.7,728,0,,
1062,2023-08-28 17:27:00,17:27:21,27.6,65.8,728,0,,
1063,2023-08-28 17:42:00,17:42:28,26.6,67.1,727,0,,
1064,2023-08-28 17:57:00,17:57:46,26,67.8,726,0,,
1065,2023-08-28 18:12:00,18:12:43,25.8,69.4,725,0,,
1066,2023-08-28 18:27:00,18:27:49,25.1,71.3,723,0,,
1067,2023-08-28 18:42:00,18:42:56,25.2,71.2,722,0,,
1068,2023-08-28 18:58:00,18:58:02,25.3,71.6,723,0,,
1069,2023-08-28 19:13:00,19:13:11,25.3,70.3,722,0,,
1070,2023-08-28 19:28:00,19:28:20,25.2,70.7,720,0,,
1071,2023-08-28 19:43:00,19:43:26,25.2,70.2,722,0,,
1072,2023-08-28 19:58:00,19:58:43,25,71.2,720,0,,
1073,2023-08-28 20:13:00,20:13:40,25,71.8,720,0,,
1074,2023-08-28 20:28:00,20:28:49,25.2,71.2,720,0,,
1075,2023-08-28 20:43:00,20:43:57,25.1,74.8,718,0,,
1076,2023-08-28 20:59:00,20:59:05,24.6,75.3,718,0,,
1077,2023-08-28 21:14:00,21:14:11,24.5,75.2,718,0,,
1078,2023-08-28 21:29:00,21:29:20,24,78,685,0,,
1079,2023-08-28 21:44:00,21:44:28,23.5,82.6,726,0,,
1080,2023-08-28 21:59:00,21:59:45,23.3,81.3,730,0,,
1081,2023-08-28 22:14:00,22:14:41,23.2,81.5,726,0,,
1082,2023-08-28 22:29:00,22:29:49,23,82.8,721,0,,
1083,2023-08-28 22:44:00,22:44:56,23.1,82.9,718,0,,
1084,2023-08-28 23:00:00,23:00:04,23,84.2,716,0,,
1085,2023-08-28 23:15:00,23:15:13,22.9,83.5,715,0,,
1086,2023-08-28 23:30:00,23:30:22,22.5,84.2,714,0,,
1087,2023-08-28 23:45:00,23:45:29,22.1,84,713,0,,
1088,2023-08-29 00:00:00,00:00:45,21.7,85.7,713,0,,
1089,2023-08-29 00:15:00,00:15:42,21.6,86.8,713,0,,
1090,2023-08-29 00:30:00,00:30:50,21.5,87.5,713,0,,
1091,2023-08-29 00:45:00,00:45:56,21.9,86.4,712,0,,
1092,2023-08-29 01:01:00,01:01:03,21.9,84.9,711,0,,
1093,2023-08-29 01:16:00,01:16:11,21.9,85.1,711,0,,
1094,2023-08-29 01:41:00,01:41:23,21.7,86,711,0,,
1095,2023-08-29 01:46:00,01:46:41,21.9,84.2,712,0,,
1096,2023-08-29 02:01:00,02:01:47,21.8,84.7,713,0,,
1097,2023-08-29 02:16:00,02:16:44,21.4,86.1,712,0,,
1098,2023-08-29 02:41:00,02:41:52,21,87.2,714,0,,
1099,2023-08-29 02:47:00,02:47:00,20.9,87.9,714,0,,
1100,2023-08-29 03:02:00,03:02:07,20.4,89.3,713,0,,
1101,2023-08-29 03:17:00,03:17:13,20.5,88.7,713,0,,
1102,2023-08-29 03:42:00,03:42:20,20.1,89.4,714,0,,
1103,2023-08-29 03:47:00,03:47:26,20,90,714,0,,
1104,2023-08-29 04:02:00,04:02:44,19.7,90.7,713,0,,
1105,2023-08-29 04:17:00,04:17:42,19.6,90.6,714,0,,
1106,2023-08-29 04:42:00,04:42:49,19.7,89.7,713,0,,
1107,2023-08-29 04:47:00,04:47:57,19.6,90.1,714,0,,
1108,2023-08-29 05:03:00,05:03:06,19.5,90.8,715,0,,
1109,2023-08-29 05:18:00,05:18:12,19.9,90.2,714,0,,
1110,2023-08-29 05:43:00,05:43:21,19.8,90.1,714,0,,
1111,2023-08-29 05:48:00,05:48:27,20,88.3,714,0,,
1112,2023-08-29 06:03:00,06:03:46,19.7,89,714,0,,
1113,2023-08-29 06:18:00,06:18:42,19.4,90.1,715,0,,
1114,2023-08-29 06:43:00,06:43:48,19.3,91.7,716,0,,
1115,2023-08-29 06:48:00,06:48:56,20.3,88.6,710,0,,
1116,2023-08-29 07:04:00,07:04:02,23.2,83.8,706,0,,
1117,2023-08-29 07:19:00,07:19:10,26.1,71.1,712,0,,
1118,2023-08-29 07:44:00,07:44:23,28,65.4,712,1,,
1119,2023-08-29 07:49:00,07:49:29,29.9,59.6,713,1,,
1120,2023-08-29 08:04:00,08:04:45,31.4,55.8,713,1,,
1121,2023-08-29 08:19:00,08:19:44,32,52.8,713,1,,
1122,2023-08-29 08:44:00,08:44:51,32.8,53.9,714,1,,
1123,2023-08-29 08:50:00,08:50:00,31.5,53.3,716,1,,
1124,2023-08-29 09:05:00,09:05:09,33.4,51.8,744,0,,
1125,2023-08-29 09:20:00,09:20:16,32,53.1,738,0,,
1126,2023-08-29 09:45:00,09:45:24,31.3,56.8,738,0,,
1127,2023-08-29 09:50:00,09:50:41,33,50.8,739,0,,
1128,2023-08-29 10:05:00,10:05:49,35.7,45,744,0,,
1129,2023-08-29 10:20:00,10:20:48,33.2,51.5,754,0,,
1130,2023-08-29 10:45:00,10:45:54,36.7,44,768,0,,
1131,2023-08-29 10:51:00,10:51:03,35,46.6,801,0,,
1132,2023-08-29 11:06:00,11:06:16,35,47.8,806,0,,
1133,2023-08-29 11:21:00,11:21:22,35.1,42.3,811,0,,
1134,2023-08-29 11:46:00,11:46:41,35.9,43.4,814,0,,
1135,2023-08-29 11:51:00,11:51:49,39.9,44.3,554,2,,
1136,2023-08-29 12:06:00,12:06:48,37.7,44,594,2,,
1137,2023-08-29 12:21:00,12:21:55,42.2,35.5,609,2,,
1138,2023-08-29 12:47:00,12:47:03,40,36.7,644,0,,
1139,2023-08-29 12:52:00,12:52:10,36.7,41.8,663,0,,
1140,2023-08-29 13:07:00,13:07:22,37.6,41.8,667,0,,
1141,2023-08-29 13:22:00,13:22:27,38,42,675,0,,
1142,2023-08-29 13:47:00,13:47:46,40.6,42.1,672,0,,
1143,2023-08-29 13:52:00,13:52:43,39.8,42.1,689,0,,
1144,2023-08-29 14:23:00,14:23:03,37,46.1,676,0,,
1145,2023-08-29 14:48:00,14:48:09,37.5,48.5,674,0,,
1146,2023-08-29 14:53:00,14:53:16,37.3,48,686,0,,
1147,2023-08-29 15:08:00,15:08:24,36.4,51,678,0,,
1148,2023-08-29 15:23:00,15:23:43,36.7,51.2,693,0,,
1149,2023-08-29 15:48:00,15:48:42,36.4,52.2,692,0,,
1150,2023-08-29 15:53:00,15:53:50,35.5,53.4,687,0,,
1151,2023-08-29 16:08:00,16:08:57,35.2,52.6,691,0,,
1152,2023-08-29 16:24:00,16:24:08,34,57.4,692,0,,
1153,2023-08-29 16:49:00,16:49:16,33.4,56,879,0,,
1154,2023-08-29 16:54:00,16:54:23,31.4,61.6,831,0,,
1155,2023-08-29 17:09:00,17:09:41,30.6,62.8,804,0,,
1156,2023-08-29 17:24:00,17:24:40,29.7,64.9,805,0,,
1157,2023-08-29 17:49:00,17:49:49,28.3,68,805,0,,
1158,2023-08-29 17:54:00,17:54:56,27.2,70,796,0,,
1159,2023-08-29 18:10:00,18:10:04,26.5,73.3,795,0,,
1160,2023-08-29 18:25:00,18:25:13,26.3,73.3,794,0,,
1161,2023-08-29 18:40:00,18:40:19,26,75,749,0,,
1162,2023-08-29 18:55:00,18:55:26,25,79,710,0,,
1163,2023-08-29 19:10:00,19:10:44,24.7,79.5,776,0,,
1164,2023-08-29 19:25:00,19:25:43,24.6,80,786,0,,
1165,2023-08-29 19:40:00,19:40:58,24.6,79.4,783,0,,
1166,2023-08-29 19:56:00,19:56:07,24.6,79.8,754,0,,
1167,2023-08-29 20:11:00,20:11:14,24.6,79.4,742,0,,
1168,2023-08-29 20:26:00,20:26:22,24.4,81.1,735,0,,
1169,2023-08-29 20:41:00,20:41:41,24.1,80.8,730,0,,
1170,2023-08-29 20:56:00,20:56:48,23.9,81.1,725,0,,
1171,2023-08-29 21:11:00,21:11:44,23.8,80.8,721,0,,
1172,2023-08-29 21:26:00,21:26:51,23.6,81.6,718,0,,
1173,2023-08-29 21:41:00,21:41:59,23.6,81.9,717,0,,
1174,2023-08-29 21:57:00,21:57:06,23.3,84.5,714,0,,
1175,2023-08-29 22:12:00,22:12:15,23.8,84.3,714,0,,
1176,2023-08-29 22:27:00,22:27:23,23.7,84,714,0,,
1177,2023-08-29 22:42:00,22:42:45,23.6,84,712,0,,
1178,2023-08-29 22:57:00,22:57:43,23.6,83.2,712,0,,
1179,2023-08-29 23:12:00,23:12:49,23.6,83.9,712,0,,
1180,2023-08-29 23:27:00,23:27:58,23.3,84.3,711,0,,
1181,2023-08-29 23:43:00,23:43:59,22.9,85.3,711,0,,
1182,2023-08-29 23:59:00,23:59:07,22.6,85.4,712,0,,
1183,2023-08-30 00:14:00,00:14:14,22.2,87.1,711,0,,
1184,2023-08-30 00:29:00,00:29:23,22,87.6,711,0,,
1185,2023-08-30 00:44:00,00:44:30,21.9,87.8,712,0,,
1186,2023-08-30 00:59:00,00:59:47,21.7,88.2,712,0,,
1187,2023-08-30 01:14:00,01:14:45,21.5,88.9,712,0,,
1188,2023-08-30 01:29:00,01:29:53,21.2,89.4,713,0,,
1189,2023-08-30 01:45:00,01:45:01,21.1,89.2,713,0,,
1190,2023-08-30 02:00:00,02:00:13,21.1,89.1,713,0,,
1191,2023-08-30 02:15:00,02:15:18,21.3,88.6,714,0,,
1192,2023-08-30 02:30:00,02:30:27,21.4,88.7,714,0,,
1193,2023-08-30 02:45:00,02:45:45,21.4,88,713,0,,
1194,2023-08-30 03:00:00,03:00:42,21.1,88.7,714,0,,
1195,2023-08-30 03:15:00,03:15:48,21.1,88.9,714,0,,
1196,2023-08-30 03:30:00,03:30:55,20.7,88.8,715,0,,
1197,2023-08-30 03:46:00,03:46:01,20.7,89.6,715,0,,
1198,2023-08-30 04:01:00,04:01:09,20.4,90.1,715,0,,
1199,2023-08-30 04:16:00,04:16:18,20.3,90.5,715,0,,
1200,2023-08-30 04:41:00,04:41:26,20,90.8,714,0,,
1201,2023-08-30 04:46:00,04:46:45,20,90.8,715,0,,
1202,2023-08-30 05:01:00,05:01:49,20,92.1,715,0,,
1203,2023-08-30 05:16:00,05:16:57,20.1,90.4,715,0,,
1204,2023-08-30 05:42:00,05:42:05,20.3,90.3,715,0,,
1205,2023-08-30 05:47:00,05:47:12,20.5,90.1,690,0,,
1206,2023-08-30 06:04:00,06:04:00,20.5,89.9,704,0,,
1207,2023-08-30 06:19:00,06:19:07,20.4,89.3,706,0,,
1208,2023-08-30 06:44:00,06:44:15,20.1,91.3,705,0,,
1209,2023-08-30 06:49:00,06:49:22,20.7,90.1,702,0,,
1210,2023-08-30 07:04:00,07:04:29,21.1,88.5,700,0,,
1211,2023-08-30 07:19:00,07:19:40,21.9,86.2,699,1,,
1212,2023-08-30 07:44:00,07:44:48,22.9,83.2,696,1,,
1213,2023-08-30 07:49:00,07:49:54,23.1,82.9,694,1,,
1214,2023-08-30 08:05:00,08:05:06,25.2,77.4,692,1,,
1215,2023-08-30 08:20:00,08:20:14,27.7,67.8,688,1,,
1216,2023-08-30 08:45:00,08:45:23,30.7,59.8,689,1,,
1217,2023-08-30 08:50:00,08:50:42,31.7,53.8,689,1,,
1218,2023-08-30 09:05:00,09:05:49,33.4,53.6,691,1,,
1219,2023-08-30 09:20:00,09:20:47,34.6,48.2,693,1,,
1220,2023-08-30 09:45:00,09:45:54,36,44.2,721,0,,
1221,2023-08-30 09:51:00,09:51:01,33.9,43.3,723,0,,
1222,2023-08-30 10:06:00,10:06:09,33.8,45.5,720,0,,
1223,2023-08-30 10:21:00,10:21:23,35.5,45,721,0,,
1224,2023-08-30 10:46:00,10:46:41,36.5,42.9,727,0,,
1225,2023-08-30 10:51:00,10:51:48,33.5,45.1,738,0,,
1226,2023-08-30 11:06:00,11:06:44,36.3,43.2,739,0,,
1227,2023-08-30 11:21:00,11:21:51,38.1,40.5,752,0,,
1228,2023-08-30 11:46:00,11:46:59,38.3,39.1,546,0,,
1229,2023-08-30 11:52:00,11:52:08,37.1,43.8,560,0,,
1230,2023-08-30 12:07:00,12:07:16,32.6,46.2,582,0,,
1231,2023-08-30 12:22:00,12:22:24,35,42.2,605,0,,
1232,2023-08-30 12:47:00,12:47:43,38.3,42.2,634,0,,
1233,2023-08-30 12:52:00,12:52:41,35.2,44.5,615,0,,
1234,2023-08-30 13:07:00,13:07:50,37.3,44.2,615,0,,
1235,2023-08-30 13:22:00,13:22:59,40.4,35,660,0,,
1236,2023-08-30 13:48:00,13:48:05,37.9,44.9,633,0,,
1237,2023-08-30 13:53:00,13:53:12,38.3,43.6,619,0,,
1238,2023-08-30 14:08:00,14:08:23,37.7,44.1,614,0,,
1239,2023-08-30 14:23:00,14:23:29,38.3,45.4,624,0,,
1240,2023-08-30 14:48:00,14:48:46,37.8,46.4,615,0,,
1241,2023-08-30 14:53:00,14:53:44,36,51.2,610,0,,
1242,2023-08-30 15:08:00,15:08:51,35.7,51,666,0,,
1243,2023-08-30 15:23:00,15:23:58,34.7,49.5,665,0,,
1244,2023-08-30 15:49:00,15:49:06,34.2,55.3,653,0,,
1245,2023-08-30 15:54:00,15:54:13,33.5,56.6,653,0,,
1246,2023-08-30 16:09:00,16:09:21,33.4,56.8,643,0,,
1247,2023-08-30 16:24:00,16:24:28,31.9,58,645,0,,
1248,2023-08-30 16:49:00,16:49:46,31.9,57.8,633,0,,
1249,2023-08-30 16:54:00,16:54:48,31,61.3,654,0,,
1250,2023-08-30 17:09:00,17:09:54,30.7,61.4,660,0,,
1251,2023-08-30 17:25:00,17:25:01,29.1,65.2,376,1,,
1252,2023-08-30 17:40:00,17:40:10,28.3,66.9,867,0,,
1253,2023-08-30 17:55:00,17:55:19,27.3,69.1,823,0,,
1254,2023-08-30 18:10:00,18:10:25,26.6,71.5,812,0,,
1255,2023-08-30 18:25:00,18:25:42,26.2,71.2,806,0,,
1256,2023-08-30 18:40:00,18:40:48,25.3,74.7,805,0,,
1257,2023-08-30 18:55:00,18:55:45,25.4,73,804,0,,
1258,2023-08-30 19:10:00,19:10:51,25.2,74.7,800,0,,
1259,2023-08-30 19:25:00,19:25:58,25,75.4,797,0,,
1260,2023-08-30 19:41:00,19:41:04,24.9,75.7,796,0,,
1261,2023-08-30 19:56:00,19:56:11,24.6,76.4,794,0,,
1262,2023-08-30 20:11:00,20:11:19,24.2,79.1,790,0,,
1263,2023-08-30 20:26:00,20:26:26,23.7,80.5,789,0,,
1264,2023-08-30 20:41:00,20:41:44,23.4,80.9,786,0,,
1265,2023-08-30 20:56:00,20:56:43,23,82.6,783,0,,
1266,2023-08-30 21:11:00,21:11:50,22.8,83.2,781,0,,
1267,2023-08-30 21:26:00,21:26:57,22.7,85.3,777,0,,
1268,2023-08-30 21:42:00,21:42:05,22.5,86,775,0,,
1269,2023-08-30 21:57:00,21:57:12,22.2,85.7,773,0,,
1270,2023-08-30 22:12:00,22:12:21,22,85.9,770,0,,
1271,2023-08-30 22:27:00,22:27:28,21.9,86,768,0,,
1272,2023-08-30 22:42:00,22:42:44,21.7,86.7,765,0,,
1273,2023-08-30 22:57:00,22:57:45,21.4,87.5,761,0,,
1274,2023-08-30 23:12:00,23:12:51,21.4,86.4,759,0,,
1275,2023-08-30 23:28:00,23:28:03,21,88.2,721,0,,
1276,2023-08-30 23:43:00,23:43:09,20.9,88.7,716,0,,
1277,2023-08-30 23:58:00,23:58:15,20.7,87.1,766,0,,
1278,2023-08-31 00:13:00,00:13:22,20.3,88.2,770,0,,
1279,2023-08-31 00:28:00,00:28:29,20,88.6,772,0,,
1280,2023-08-31 00:43:00,00:43:48,19.7,89.4,764,0,,
1281,2023-08-31 00:58:00,00:58:44,19.5,88.2,749,0,,
1282,2023-08-31 01:13:00,01:13:51,19.4,89.5,740,0,,
1283,2023-08-31 01:28:00,01:28:58,19.3,88.9,735,0,,
1284,2023-08-31 01:44:00,01:44:04,19.2,89.1,730,0,,
1285,2023-08-31 01:59:00,01:59:12,18.8,88.5,727,0,,
1286,2023-08-31 02:14:00,02:14:19,18.9,89,724,0,,
1287,2023-08-31 02:29:00,02:29:27,18.8,89.5,722,0,,
1288,2023-08-31 02:44:00,02:44:48,18.5,90,721,0,,
1289,2023-08-31 02:59:00,02:59:43,18.5,89.7,717,0,,
1290,2023-08-31 03:14:00,03:14:52,18.3,89.3,716,0,,
1291,2023-08-31 03:29:00,03:29:59,18,90.7,716,0,,
1292,2023-08-31 03:45:00,03:45:10,18,90.7,714,0,,
1293,2023-08-31 04:00:00,04:00:16,18,89.9,714,0,,
1294,2023-08-31 04:15:00,04:15:24,17.9,89.8,712,0,,
1295,2023-08-31 04:30:00,04:30:46,17.7,90.9,712,0,,
1296,2023-08-31 04:45:00,04:45:42,17.6,91,711,0,,
1297,2023-08-31 05:00:00,05:00:53,17.4,92.1,710,0,,
1298,2023-08-31 05:16:00,05:16:01,17.5,90.5,710,0,,
1299,2023-08-31 05:41:00,05:41:08,17.4,90.2,710,0,,
1300,2023-08-31 05:46:00,05:46:14,17.2,91.1,709,0,,
1301,2023-08-31 06:01:00,06:01:21,17.2,90.5,709,0,,
1302,2023-08-31 06:16:00,06:16:30,17.2,90.6,709,0,,
1303,2023-08-31 06:41:00,06:41:48,17.4,91,708,0,,
1304,2023-08-31 06:46:00,06:46:54,19.8,89.7,705,0,,
1305,2023-08-31 07:02:00,07:02:02,22.9,77.1,704,0,,
1306,2023-08-31 07:17:00,07:17:11,25,69.9,703,0,,
1307,2023-08-31 07:42:00,07:42:18,27.2,63.3,700,0,,
1308,2023-08-31 07:47:00,07:47:24,28.9,58.7,699,0,,
1309,2023-08-31 08:02:00,08:02:41,30.6,54,701,0,,
1310,2023-08-31 08:17:00,08:17:47,32,51.4,700,0,,
1311,2023-08-31 08:42:00,08:42:45,33.7,45.8,723,0,,
1312,2023-08-31 08:47:00,08:47:52,34.8,44.4,718,0,,
1313,2023-08-31 09:02:00,09:02:59,36,42.3,717,0,,
1314,2023-08-31 09:18:00,09:18:05,37.5,39.8,720,0,,
1315,2023-08-31 09:43:00,09:43:12,38.2,39.4,727,0,,
1316,2023-08-31 09:48:00,09:48:23,37.9,41,732,0,,
1317,2023-08-31 10:03:00,10:03:45,37.9,40.5,746,0,,
1318,2023-08-31 10:18:00,10:18:46,38.5,41.4,756,0,,
1319,2023-08-31 10:43:00,10:43:52,38.1,38.1,764,0,,
1320,2023-08-31 10:48:00,10:48:59,37.8,36.8,769,0,,
1321,2023-08-31 11:04:00,11:04:05,38.4,36.2,570,2,,
1322,2023-08-31 11:19:00,11:19:17,39.4,37.7,573,2,,
1323,2023-08-31 11:44:00,11:44:24,39,41.4,580,2,,
1324,2023-08-31 11:49:00,11:49:44,39.9,42.1,595,2,,
1325,2023-08-31 12:04:00,12:04:41,38.5,40.8,597,2,,
1326,2023-08-31 12:19:00,12:19:49,38,43.1,594,2,,
1327,2023-08-31 12:44:00,12:44:56,37.5,45.4,594,2,,
1328,2023-08-31 12:50:00,12:50:02,38.6,43,608,0,,
1329,2023-08-31 13:05:00,13:05:09,38.5,44.4,596,2,,
1330,2023-08-31 13:20:00,13:20:17,37.3,45.1,601,0,,
1331,2023-08-31 13:45:00,13:45:26,36.6,47.8,598,0,,
1332,2023-08-31 13:50:00,13:50:43,36.7,46.7,597,0,,
1333,2023-08-31 14:05:00,14:05:44,37,45.3,600,0,,
1334,2023-08-31 14:20:00,14:20:53,38,43.4,594,0,,
1335,2023-08-31 14:46:00,14:46:07,37.3,45.2,602,0,,
1336,2023-08-31 14:51:00,14:51:13,36.5,47,607,0,,
1337,2023-08-31 15:06:00,15:06:19,36.4,47.2,606,0,,
1338,2023-08-31 15:21:00,15:21:28,35.2,48.1,613,0,,
1339,2023-08-31 15:46:00,15:46:44,34.6,49.6,612,0,,
1340,2023-08-31 15:51:00,15:51:44,33.9,50.6,608,0,,
1341,2023-08-31 16:06:00,16:06:53,34,50.1,607,0,,
1342,2023-08-31 16:22:00,16:22:04,32.7,51.2,606,0,,
1343,2023-08-31 16:47:00,16:47:10,32,53.5,597,1,,
1344,2023-08-31 16:52:00,16:52:17,31,54.2,825,0,,
1345,2023-08-31 17:07:00,17:07:23,29.2,56.2,805,0,,
1346,2023-08-31 17:22:00,17:22:42,29.1,56.1,795,0,,
1347,2023-08-31 17:47:00,17:47:40,28.1,58.7,782,0,,
1348,2023-08-31 17:52:00,17:52:47,26.3,61.4,768,0,,
1349,2023-08-31 18:07:00,18:07:53,25.7,61.8,749,0,,
1350,2023-08-31 18:23:00,18:23:02,25,62.8,746,0,,
1351,2023-08-31 18:48:00,18:48:11,25,62.6,748,0,,
1352,2023-08-31 18:53:00,18:53:19,24.6,62.5,748,0,,
1353,2023-08-31 19:08:00,19:08:27,24.4,63.4,740,0,,
1354,2023-08-31 19:23:00,19:23:40,24.2,65,729,0,,
1355,2023-08-31 19:48:00,19:48:47,23.8,66.2,734,0,,
1356,2023-08-31 19:53:00,19:53:54,23.4,69.2,734,0,,
1357,2023-08-31 20:09:00,20:09:00,23,72.5,734,0,,
1358,2023-08-31 20:24:00,20:24:13,22.7,72.5,730,0,,
1359,2023-08-31 20:49:00,20:49:21,22.4,74.5,736,0,,
1360,2023-08-31 20:54:00,20:54:29,22,76.2,739,0,,
1361,2023-08-31 21:10:00,21:10:11,22,75.4,733,0,,
1362,2023-08-31 21:25:00,21:25:17,21.6,77,732,0,,
1363,2023-08-31 21:40:00,21:40:23,21.4,79,729,0,,
1364,2023-08-31 21:55:00,21:55:30,21.5,84.3,681,0,,
1365,2023-08-31 22:10:00,22:10:46,21.1,84.7,678,0,,
1366,2023-08-31 22:25:00,22:25:43,20.9,82.8,748,0,,
1367,2023-08-31 22:40:00,22:40:51,20.4,84.9,741,0,,
1368,2023-08-31 22:55:00,22:55:57,20.1,86.6,740,0,,
1369,2023-08-31 23:11:00,23:11:05,20,86.7,739,0,,
1370,2023-08-31 23:26:00,23:26:11,19.8,87.1,739,0,,
1371,2023-08-31 23:41:00,23:41:19,19.6,88.1,736,0,,
1372,2023-08-31 23:56:00,23:56:26,19.7,87.7,732,0,,
1373,2023-09-01 00:11:00,00:11:44,19.4,88.2,727,0,,
1374,2023-09-01 00:26:00,00:26:41,19.3,88.8,724,0,,
1375,2023-09-01 00:41:00,00:41:49,19.2,88.8,723,0,,
1376,2023-09-01 00:57:00,00:57:01,19.2,89.6,720,0,,
1377,2023-09-01 01:12:00,01:12:09,19.4,88.4,718,0,,
1378,2023-09-01 01:27:00,01:27:20,19.2,87.9,715,0,,
1379,2023-09-01 01:42:00,01:42:41,19.2,88.2,714,0,,
1380,2023-09-01 01:57:00,01:57:49,19,89.7,714,0,,
1381,2023-09-01 02:12:00,02:12:48,18.9,88.3,714,0,,
1382,2023-09-01 02:27:00,02:27:57,18.6,89.4,712,0,,
1383,2023-09-01 02:43:00,02:43:06,18.5,90.2,710,0,,
1384,2023-09-01 02:58:00,02:58:14,18.3,90.5,710,0,,
1385,2023-09-01 03:13:00,03:13:21,18.3,90.5,709,0,,
1386,2023-09-01 03:28:00,03:28:30,18.2,89.8,709,0,,
1387,2023-09-01 03:43:00,03:43:46,18.1,90.3,709,0,,
